method,scope,iteration,turns,labels,coverage,credited_rate,chance,mean,rms,beta,loss_coefficient
all_failure,main,0,1752,120,0.0684931506849315,0.16666666666666666,0.2,-0.001141552511415525,0.04896182465934663,0.5,
all_failure,failure,0,479,27,0.05636743215031315,0.0,0.2,-0.005636743215031315,0.023741826414644927,0.5,
all_failure,mixed,0,1273,93,0.07305577376276512,0.21505376344086022,0.2,0.0005498821681068344,0.05556253774750264,0.5,
all_failure,main,1,2213,162,0.07320379575237235,0.2037037037037037,0.2,0.00013556258472661548,0.0544868847110282,0.5,
all_failure,failure,1,889,60,0.06749156355455568,0.13333333333333333,0.2,-0.0022497187851518562,0.04499718776364441,0.5,
all_failure,mixed,1,1324,102,0.0770392749244713,0.24509803921568626,0.2,0.0017371601208459216,0.060022654333448375,0.5,
all_failure,main,2,1980,145,0.07323232323232323,0.2206896551724138,0.2,0.0007575757575757576,0.056183321871936844,0.5,
all_failure,failure,2,610,46,0.07540983606557378,0.17391304347826086,0.2,-0.00098360655737705,0.052166190922951584,0.5,
all_failure,mixed,2,1370,99,0.07226277372262774,0.24242424242424243,0.2,0.0015328467153284673,0.057882337232558694,0.5,
all_failure,main,3,2036,123,0.06041257367387033,0.17073170731707318,0.2,-0.0008840864440078585,0.04638186082675485,0.5,
all_failure,failure,3,791,37,0.04677623261694058,0.1891891891891892,0.2,-0.00025284450063211146,0.04236975282542949,0.5,
all_failure,mixed,3,1245,86,0.06907630522088354,0.16279069767441862,0.2,-0.001285140562248996,0.04875971739213265,0.5,
all_failure,main,4,2302,176,0.07645525629887055,0.16477272727272727,0.2,-0.0013466550825369245,0.05151906178487478,0.5,
all_failure,failure,4,689,52,0.07547169811320754,0.21153846153846154,0.2,0.0004354136429608125,0.05612033515060781,0.5,
all_failure,mixed,4,1613,124,0.07687538747675139,0.14516129032258066,0.2,-0.002107873527588345,0.04942320751219566,0.5,
all_failure,main,5,2127,145,0.06817113305124589,0.14482758620689656,0.2,-0.0018805829807240243,0.046504520509651835,0.5,
all_failure,failure,5,761,59,0.07752956636005257,0.15254237288135594,0.2,-0.001839684625492773,0.0504903680592078,0.5,
all_failure,mixed,5,1366,86,0.0629575402635432,0.13953488372093023,0.2,-0.001903367496339678,0.04412812438388725,0.5,
all_failure,main,6,2241,144,0.0642570281124498,0.2152777777777778,0.2,0.0004908522980812137,0.052129999174394356,0.5,
all_failure,failure,6,432,28,0.06481481481481481,0.2857142857142857,0.2,0.002777777777777777,0.05853140973807078,0.5,
all_failure,mixed,6,1809,116,0.06412382531785517,0.19827586206896552,0.2,-5.52791597567717e-05,0.050481375424875026,0.5,
all_failure,main,7,2233,144,0.06448723690103,0.2152777777777778,0.2,0.0004926108374384237,0.05222329678670935,0.5,
all_failure,failure,7,718,35,0.04874651810584958,0.2571428571428571,0.2,0.001392757660167131,0.04865889458551358,0.5,
all_failure,mixed,7,1515,109,0.07194719471947195,0.2018348623853211,0.2,6.600660066006602e-05,0.053830193841160355,0.5,
all_failure,main,8,2192,151,0.06888686131386862,0.152317880794702,0.2,-0.0016423357664233577,0.04756862119746312,0.5,
all_failure,failure,8,731,42,0.057455540355677154,0.16666666666666666,0.2,-0.0009575923392612861,0.04484354928469312,0.5,
all_failure,mixed,8,1461,109,0.07460643394934977,0.14678899082568808,0.2,-0.0019849418206707736,0.04887509398223966,0.5,
all_failure,main,9,2184,164,0.07509157509157509,0.17073170731707318,0.2,-0.0010989010989010991,0.05171066305891536,0.5,
all_failure,failure,9,851,58,0.0681551116333725,0.15517241379310345,0.2,-0.0015276145710928328,0.04762268465770332,0.5,
all_failure,mixed,9,1333,106,0.0795198799699925,0.1792452830188679,0.2,-0.0008252063015753939,0.054159332605997666,0.5,
all_failure,main,10,2134,135,0.06326148078725398,0.18518518518518517,0.2,-0.00046860356138706655,0.04888638013878753,0.5,
all_failure,failure,10,729,39,0.053497942386831275,0.20512820512820512,0.2,0.00013717421124828484,0.04670192671451294,0.5,
all_failure,mixed,10,1405,96,0.06832740213523132,0.17708333333333334,0.2,-0.0007829181494661922,0.04998220323844674,0.5,
all_failure,main,11,2094,132,0.06303724928366762,0.17424242424242425,0.2,-0.0008118433619866285,0.047727737875901025,0.5,
all_failure,failure,11,701,47,0.06704707560627675,0.1702127659574468,0.2,-0.0009985734664764625,0.04880892320373532,0.5,
all_failure,mixed,11,1393,85,0.061019382627422826,0.17647058823529413,0.2,-0.0007178750897343862,0.04717428089729188,0.5,
all_failure,main,12,2176,172,0.07904411764705882,0.18023255813953487,0.2,-0.00078125,0.05410535746007371,0.5,
all_failure,failure,12,1004,79,0.07868525896414343,0.12658227848101267,0.2,-0.0028884462151394425,0.04775852273703517,0.5,
all_failure,mixed,12,1172,93,0.07935153583617748,0.22580645161290322,0.2,0.0010238907849829354,0.05900193784056571,0.5,
all_failure,main,13,2268,158,0.06966490299823633,0.22151898734177214,0.2,0.0007495590828924164,0.05487680607321438,0.5,
all_failure,failure,13,731,40,0.05471956224350205,0.15,0.2,-0.0013679890560875513,0.04217091145462494,0.5,
all_failure,mixed,13,1537,118,0.07677293428757319,0.2457627118644068,0.2,0.0017566688353936241,0.05998264767514865,0.5,
all_failure,main,14,2165,175,0.08083140877598152,0.17714285714285713,0.2,-0.0009237875288683603,0.05437021328244679,0.5,
all_failure,failure,14,963,75,0.0778816199376947,0.17333333333333334,0.2,-0.0010384215991692627,0.05295033822136559,0.5,
all_failure,mixed,14,1202,100,0.08319467554076539,0.18,0.2,-0.0008319467554076539,0.05548155544871034,0.5,
all_failure,main,15,1974,125,0.06332320162107397,0.224,0.2,0.0007598784194528875,0.052544187030335004,0.5,
all_failure,failure,15,258,11,0.04263565891472868,0.09090909090909091,0.2,-0.0023255813953488376,0.03174510888285779,0.5,
all_failure,mixed,15,1716,114,0.06643356643356643,0.23684210526315788,0.2,0.0012237762237762239,0.054995231834001075,0.5,
all_failure,main,16,1914,154,0.08045977011494253,0.2077922077922078,0.2,0.00031347962382445143,0.0575537548014466,0.5,
all_failure,failure,16,357,19,0.05322128851540616,0.15789473684210525,0.2,-0.001120448179271709,0.04234048992199706,0.5,
all_failure,mixed,16,1557,135,0.08670520231213873,0.21481481481481482,0.2,0.0006422607578676942,0.06050525861316401,0.5,
all_failure,main,17,2010,164,0.08159203980099503,0.14634146341463414,0.2,-0.0021890547263681594,0.05105844860676197,0.5,
all_failure,failure,17,628,55,0.0875796178343949,0.12727272727272726,0.2,-0.0031847133757961785,0.05047544651250688,0.5,
all_failure,mixed,17,1382,109,0.0788712011577424,0.1559633027522936,0.2,-0.0017366136034732275,0.05132118437124896,0.5,
all_failure,main,18,2299,157,0.06829056111352762,0.15286624203821655,0.2,-0.0016093953892996956,0.047421554463673965,0.5,
all_failure,failure,18,1069,74,0.06922357343311505,0.17567567567567569,0.2,-0.0008419083255378862,0.05016343727919008,0.5,
all_failure,mixed,18,1230,83,0.06747967479674796,0.13253012048192772,0.2,-0.0022764227642276427,0.04490278568865885,0.5,
all_failure,main,19,2183,167,0.07650022904260192,0.2155688622754491,0.2,0.0005955107650022904,0.056909246974501115,0.5,
all_failure,failure,19,270,26,0.0962962962962963,0.46153846153846156,0.2,0.012592592592592593,0.08734775114237132,0.5,
all_failure,mixed,19,1913,141,0.07370622059592263,0.1702127659574468,0.2,-0.001097752221641401,0.0511754155561485,0.5,
all_failure,main,20,2022,146,0.0722057368941642,0.1917808219178082,0.2,-0.00029673590504451043,0.05290754865095543,0.5,
all_failure,failure,20,525,34,0.06476190476190476,0.17647058823529413,0.2,-0.0007619047619047626,0.04859943170351647,0.5,
all_failure,mixed,20,1497,112,0.07481629926519706,0.19642857142857142,0.2,-0.0001336005344021376,0.05433757273091283,0.5,
all_failure,main,21,2106,152,0.0721747388414055,0.17763157894736842,0.2,-0.0008072174738841406,0.05142785540435241,0.5,
all_failure,failure,21,1042,67,0.06429942418426103,0.16417910447761194,0.2,-0.0011516314779270636,0.0471856707485686,0.5,
all_failure,mixed,21,1064,85,0.07988721804511278,0.18823529411764706,0.2,-0.00046992481203007516,0.05526763318792916,0.5,
all_failure,main,22,2145,159,0.07412587412587412,0.25157232704402516,0.2,0.0019114219114219116,0.059484969012865256,0.5,
all_failure,failure,22,557,39,0.07001795332136446,0.2564102564102564,0.2,0.001974865350089766,0.05825098915796631,0.5,
all_failure,mixed,22,1588,120,0.07556675062972293,0.25,0.2,0.001889168765743073,0.059911773925596955,0.5,
all_failure,main,23,1929,134,0.06946604458268534,0.1865671641791045,0.2,-0.00046656298600311044,0.05136801424531107,0.5,
all_failure,failure,23,467,33,0.07066381156316917,0.2727272727272727,0.2,0.0025695931477516054,0.059978582901334454,0.5,
all_failure,mixed,23,1462,101,0.06908344733242135,0.15841584158415842,0.2,-0.0014363885088919288,0.0482951482100353,0.5,
all_failure,main,24,1779,147,0.08263069139966273,0.1836734693877551,0.2,-0.0006745362563237775,0.05570338211535613,0.5,
all_failure,failure,24,345,23,0.06666666666666667,0.21739130434782608,0.2,0.0005797101449275355,0.053297089133881675,0.5,
all_failure,mixed,24,1434,124,0.08647140864714087,0.1774193548387097,0.2,-0.0009762900976290099,0.05626694692798724,0.5,
all_failure,main,25,2014,168,0.08341608738828203,0.20238095238095238,0.2,9.930486593843098e-05,0.05802098719698598,0.5,
all_failure,failure,25,502,27,0.053784860557768925,0.37037037037037035,0.2,0.004581673306772908,0.05937925912591559,0.5,
all_failure,mixed,25,1512,141,0.09325396825396826,0.1702127659574468,0.2,-0.001388888888888889,0.05756294001779325,0.5,
all_failure,main,26,1860,176,0.09462365591397849,0.20454545454545456,0.2,0.00021505376344086021,0.06204403569716753,0.5,
all_failure,failure,26,465,46,0.0989247311827957,0.08695652173913043,0.2,-0.0055913978494623665,0.047744841527364176,0.5,
all_failure,mixed,26,1395,130,0.0931899641577061,0.24615384615384617,0.2,0.002150537634408602,0.06612684671622279,0.5,
all_failure,main,27,2012,159,0.07902584493041749,0.22641509433962265,0.2,0.001043737574552684,0.05894196357080841,0.5,
all_failure,failure,27,435,36,0.08275862068965517,0.2222222222222222,0.2,0.0009195402298850572,0.059884947161634235,0.5,
all_failure,mixed,27,1577,123,0.07799619530754598,0.22764227642276422,0.2,0.001077996195307546,0.058679184306652594,0.5,
all_failure,main,28,1744,133,0.07626146788990826,0.22556390977443608,0.2,0.0009747706422018349,0.05781773005105684,0.5,
all_failure,failure,28,521,38,0.07293666026871401,0.2894736842105263,0.2,0.0032629558541266788,0.06242077512324374,0.5,
all_failure,mixed,28,1223,95,0.0776778413736713,0.2,0.2,0.0,0.05574148952931607,0.5,
all_failure,main,29,1967,161,0.08185053380782918,0.21739130434782608,0.2,0.0007117437722419929,0.0590554356853437,0.5,
all_failure,failure,29,549,53,0.0965391621129326,0.1509433962264151,0.2,-0.0023679417122040086,0.05613540746138842,0.5,
all_failure,mixed,29,1418,108,0.076163610719323,0.25,0.2,0.001904090267983075,0.060147913589482405,0.5,
all_failure,main,30,2152,179,0.08317843866171004,0.12290502793296089,0.2,-0.0032063197026022307,0.048633749965304264,0.5,
all_failure,failure,30,318,30,0.09433962264150944,0.03333333333333333,0.2,-0.007861635220125786,0.03761773969316394,0.5,
all_failure,mixed,30,1834,149,0.0812431842966194,0.14093959731543623,0.2,-0.0023991275899672847,0.0502989969569433,0.5,
all_failure,main,31,1845,149,0.08075880758807588,0.15436241610738255,0.2,-0.001842818428184282,0.05174463039840706,0.5,
all_failure,failure,31,761,63,0.08278580814717477,0.15873015873015872,0.2,-0.0017082785808147185,0.052905091925471374,0.5,
all_failure,mixed,31,1084,86,0.07933579335793357,0.1511627906976744,0.2,-0.001937269372693727,0.050914152477569787,0.5,
all_failure,main,32,1987,145,0.07297433316557625,0.16551724137931034,0.2,-0.0012581781580271766,0.05041348906012058,0.5,
all_failure,failure,32,777,64,0.08236808236808237,0.109375,0.2,-0.0037323037323037326,0.0466372402167214,0.5,
all_failure,mixed,32,1210,81,0.06694214876033058,0.20987654320987653,0.2,0.00033057851239669424,0.05269591544068888,0.5,
all_failure,main,33,1953,163,0.08346134152585766,0.2085889570552147,0.2,0.0003584229390681004,0.05870247475835015,0.5,
all_failure,failure,33,509,41,0.08055009823182711,0.17073170731707318,0.2,-0.0011787819253438125,0.05355715966768534,0.5,
all_failure,mixed,33,1444,122,0.08448753462603878,0.22131147540983606,0.2,0.0009002770083102493,0.06041179096446841,0.5,
all_failure,main,34,1777,162,0.0911648846370287,0.16049382716049382,0.2,-0.0018007878446820486,0.055734720166845136,0.5,
all_failure,failure,34,331,21,0.0634441087613293,0.2857142857142857,0.2,0.0027190332326283984,0.05790919029171184,0.5,
all_failure,mixed,34,1446,141,0.0975103734439834,0.14184397163120568,0.2,-0.002835408022130014,0.05522492671901279,0.5,
all_failure,main,35,1935,170,0.08785529715762273,0.19411764705882353,0.2,-0.00025839793281653745,0.05862331026528567,0.5,
all_failure,failure,35,450,50,0.1111111111111111,0.22,0.2,0.0011111111111111111,0.06912147117775908,0.5,
all_failure,mixed,35,1485,120,0.08080808080808081,0.18333333333333332,0.2,-0.0006734006734006734,0.055048188256318034,0.5,
all_failure,main,36,1915,153,0.07989556135770234,0.27450980392156865,0.2,0.002976501305483029,0.06394351293096903,0.5,
all_failure,failure,36,371,32,0.0862533692722372,0.28125,0.2,0.0035040431266846355,0.06709208380200216,0.5,
all_failure,mixed,36,1544,121,0.0783678756476684,0.2727272727272727,0.2,0.0028497409326424875,0.06316357578303719,0.5,
all_failure,main,37,1772,144,0.08126410835214447,0.20833333333333334,0.2,0.00033860045146726867,0.05789770694531831,0.5,
all_failure,failure,37,362,27,0.07458563535911603,0.4444444444444444,0.2,0.009116022099447514,0.07561899261560481,0.5,
all_failure,mixed,37,1410,117,0.08297872340425531,0.15384615384615385,0.2,-0.0019148936170212767,0.05238970176536444,0.5,
all_failure,main,38,1777,168,0.09454136184580754,0.18452380952380953,0.2,-0.0007315700619020822,0.05968403015264366,0.5,
all_failure,failure,38,342,45,0.13157894736842105,0.28888888888888886,0.2,0.005847953216374269,0.08377078165833911,0.5,
all_failure,mixed,38,1435,123,0.08571428571428572,0.14634146341463414,0.2,-0.002299651567944251,0.05233236052566474,0.5,
all_failure,main,39,1856,155,0.08351293103448276,0.15483870967741936,0.2,-0.0018857758620689656,0.052676223125416095,0.5,
all_failure,failure,39,490,45,0.09183673469387756,0.044444444444444446,0.2,-0.007142857142857143,0.03912303982179758,0.5,
all_failure,mixed,39,1366,110,0.08052708638360176,0.2,0.2,0.0,0.0567545897293256,0.5,
all_failure,main,40,1994,151,0.0757271815446339,0.1456953642384106,0.2,-0.0020561685055165498,0.04911452646753699,0.5,
all_failure,failure,40,517,45,0.08704061895551257,0.1111111111111111,0.2,-0.0038684719535783366,0.048177621071893974,0.5,
all_failure,mixed,40,1477,106,0.07176709546377792,0.16037735849056603,0.2,-0.0014218009478672987,0.04943828004887436,0.5,
all_failure,main,41,1805,161,0.08919667590027701,0.2360248447204969,0.2,0.0016066481994459836,0.06363852210607092,0.5,
all_failure,failure,41,393,36,0.0916030534351145,0.2777777777777778,0.2,0.0035623409669211193,0.06879552621705075,0.5,
all_failure,mixed,41,1412,125,0.08852691218130311,0.224,0.2,0.0010623229461756375,0.06212707438069828,0.5,
all_failure,main,42,1791,151,0.08431044109436069,0.2185430463576159,0.2,0.0007816862088218873,0.06005766817335647,0.5,
all_failure,failure,42,345,36,0.10434782608695652,0.2222222222222222,0.2,0.0011594202898550722,0.06724387801454332,0.5,
all_failure,mixed,42,1446,115,0.07952973720608575,0.21739130434782608,0.2,0.0006915629322268327,0.058212184015989994,0.5,
all_failure,main,43,1812,141,0.07781456953642384,0.16312056737588654,0.2,-0.001434878587196468,0.051789180388359245,0.5,
all_failure,failure,43,276,24,0.08695652173913043,0.08333333333333333,0.2,-0.005072463768115943,0.04423258684646915,0.5,
all_failure,mixed,43,1536,117,0.076171875,0.1794871794871795,0.2,-0.0007812500000000002,0.05303300858899107,0.5,
all_failure,main,44,1724,148,0.08584686774941995,0.16891891891891891,0.2,-0.0013341067285382831,0.05507851388168815,0.5,
all_failure,failure,44,417,27,0.06474820143884892,0.3333333333333333,0.2,0.004316546762589928,0.06232890249579994,0.5,
all_failure,mixed,44,1307,121,0.09257842387146137,0.1322314049586777,0.2,-0.0031369548584544763,0.052555213797701485,0.5,
all_failure,main,45,1627,146,0.08973570989551322,0.17123287671232876,0.2,-0.001290719114935464,0.05658809646330127,0.5,
all_failure,failure,45,254,25,0.0984251968503937,0.24,0.2,0.001968503937007874,0.06728713885370748,0.5,
all_failure,mixed,45,1373,121,0.08812818645302258,0.15702479338842976,0.2,-0.0018936635105608157,0.05437856567575738,0.5,
all_failure,main,46,1809,154,0.08512990602542841,0.18181818181818182,0.2,-0.0007739082365948039,0.05632959941308562,0.5,
all_failure,failure,46,331,20,0.06042296072507553,0.15,0.2,-0.0015105740181268882,0.04431417632727652,0.5,
all_failure,mixed,46,1478,134,0.09066305818673884,0.1865671641791045,0.2,-0.0006089309878213803,0.05868426561799287,0.5,
all_failure,main,47,1699,157,0.0924072984108299,0.1910828025477707,0.2,-0.0004120070629782225,0.059771981877295405,0.5,
all_failure,failure,47,301,36,0.11960132890365449,0.16666666666666666,0.2,-0.001993355481727575,0.06469966392206306,0.5,
all_failure,mixed,47,1398,121,0.08655221745350501,0.19834710743801653,0.2,-7.15307582260372e-05,0.058656879141941995,0.5,
all_failure,main,48,1715,148,0.08629737609329446,0.16891891891891891,0.2,-0.0013411078717201167,0.055222845654817034,0.5,
all_failure,failure,48,389,41,0.10539845758354756,0.17073170731707318,0.2,-0.0015424164524421608,0.061263474988032265,0.5,
all_failure,mixed,48,1326,107,0.08069381598793364,0.16822429906542055,0.2,-0.0012820512820512823,0.05332107702308686,0.5,
all_failure,main,49,1604,136,0.08478802992518704,0.17647058823529413,0.2,-0.0009975062344139652,0.05560817679697198,0.5,
all_failure,failure,49,430,36,0.08372093023255814,0.1111111111111111,0.2,-0.0037209302325581397,0.04724995385748947,0.5,
all_failure,mixed,49,1174,100,0.08517887563884156,0.2,0.2,0.0,0.05837084054177791,0.5,
all_failure,main,50,1521,130,0.08547008547008547,0.2,0.2,0.0,0.05847053462046862,0.5,
all_failure,failure,50,191,22,0.11518324607329843,0.2727272727272727,0.2,0.004188481675392669,0.07657593842421873,0.5,
all_failure,mixed,50,1330,108,0.081203007518797,0.18518518518518517,0.2,-0.0006015037593984963,0.05538654324772698,0.5,
all_failure,main,51,1605,145,0.09034267912772585,0.2206896551724138,0.2,0.0009345794392523365,0.062402572037414734,0.5,
all_failure,failure,51,266,15,0.05639097744360902,0.06666666666666667,0.2,-0.0037593984962406013,0.03358302471297338,0.5,
all_failure,mixed,51,1339,130,0.0970873786407767,0.23846153846153847,0.2,0.0018670649738610904,0.06666044282623239,0.5,
all_failure,main,52,1455,123,0.08453608247422681,0.1951219512195122,0.2,-0.00020618556701030932,0.057615862649672965,0.5,
all_failure,failure,52,221,22,0.09954751131221719,0.22727272727272727,0.2,0.0013574660633484156,0.06625058695206566,0.5,
all_failure,mixed,52,1234,101,0.08184764991896272,0.18811881188118812,0.2,-0.00048622366288492716,0.05592887356181091,0.5,
all_failure,main,53,1454,126,0.08665749656121045,0.1746031746031746,0.2,-0.0011004126547455295,0.05600157199601418,0.5,
all_failure,failure,53,210,19,0.09047619047619047,0.10526315789473684,0.2,-0.004285714285714286,0.0483045891539648,0.5,
all_failure,mixed,53,1244,107,0.0860128617363344,0.18691588785046728,0.2,-0.0005627009646302252,0.05719881275047857,0.5,
all_failure,main,54,1716,132,0.07692307692307693,0.21212121212121213,0.2,0.0004662004662004662,0.05671669257620033,0.5,
all_failure,failure,54,394,29,0.07360406091370558,0.13793103448275862,0.2,-0.002284263959390864,0.047527710324935336,0.5,
all_failure,mixed,54,1322,103,0.07791225416036308,0.23300970873786409,0.2,0.0012859304084720123,0.059179973715405856,0.5,
all_failure,main,55,1509,122,0.08084824387011266,0.1885245901639344,0.2,-0.00046388336646785953,0.05563060978332117,0.5,
all_failure,failure,55,254,18,0.07086614173228346,0.3333333333333333,0.2,0.004724409448818898,0.06520712004019967,0.5,
all_failure,mixed,55,1255,104,0.08286852589641434,0.16346153846153846,0.2,-0.0015139442231075699,0.05348418241802246,0.5,
all_failure,main,56,1529,153,0.1000654022236756,0.1568627450980392,0.2,-0.0021582733812949644,0.05792351918313092,0.5,
all_failure,failure,56,207,19,0.09178743961352658,0.10526315789473684,0.2,-0.004347826086956523,0.04865336327998412,0.5,
all_failure,mixed,56,1322,134,0.10136157337367625,0.16417910447761194,0.2,-0.0018154311649016643,0.059243848503254336,0.5,
all_failure,main,57,1928,166,0.08609958506224066,0.20481927710843373,0.2,0.00020746887966804981,0.05921337742765601,0.5,
all_failure,failure,57,200,22,0.11,0.18181818181818182,0.2,-0.0010000000000000009,0.0640312423743285,0.5,
all_failure,mixed,57,1728,144,0.08333333333333333,0.20833333333333334,0.2,0.0003472222222222223,0.05863019699779288,0.5,
all_failure,main,58,1575,133,0.08444444444444445,0.19548872180451127,0.2,-0.0001904761904761905,0.05762495050440322,0.5,
all_failure,failure,58,87,12,0.13793103448275862,0.16666666666666666,0.2,-0.002298850574712646,0.06948083337796512,0.5,
all_failure,mixed,58,1488,121,0.08131720430107527,0.19834710743801653,0.2,-6.720430107526882e-05,0.05685531533392837,0.5,
all_failure,main,59,1752,136,0.0776255707762557,0.22058823529411764,0.2,0.0007990867579908676,0.05783380376948666,0.5,
all_failure,failure,59,210,20,0.09523809523809523,0.25,0.2,0.002380952380952381,0.06725927091345493,0.5,
all_failure,mixed,59,1542,116,0.07522697795071336,0.21551724137931033,0.2,0.0005836575875486381,0.0564285069295044,0.5,
all_failure,main,60,1557,137,0.08798972382787412,0.18248175182481752,0.2,-0.0007707129094412333,0.057344355260850174,0.5,
all_failure,failure,60,174,12,0.06896551724137931,0.16666666666666666,0.2,-0.001149425287356323,0.049130368444051754,0.5,
all_failure,mixed,60,1383,125,0.09038322487346348,0.184,0.2,-0.0007230657989877079,0.05829587682883094,0.5,
all_failure,main,61,1511,151,0.099933818663137,0.18543046357615894,0.2,-0.0007279947054930511,0.06147320013532373,0.5,
all_failure,failure,61,173,16,0.09248554913294797,0.1875,0.2,-0.0005780346820809253,0.0593802287019311,0.5,
all_failure,mixed,61,1338,135,0.10089686098654709,0.18518518518518517,0.2,-0.0007473841554559044,0.06173863614322164,0.5,
all_failure,main,62,1707,141,0.08260105448154657,0.23404255319148937,0.2,0.0014059753954305803,0.06103961662634389,0.5,
all_failure,failure,62,228,10,0.043859649122807015,0.1,0.2,-0.0021929824561403508,0.033113308926626096,0.5,
all_failure,mixed,62,1479,131,0.08857336037863421,0.24427480916030533,0.2,0.0019607843137254906,0.06427417606833258,0.5,
all_failure,main,63,1588,139,0.08753148614609572,0.2302158273381295,0.2,0.0013224181360201512,0.062433844080353365,0.5,
all_failure,failure,63,248,19,0.07661290322580645,0.2631578947368421,0.2,0.002419354838709677,0.06156559575481392,0.5,
all_failure,mixed,63,1340,120,0.08955223880597014,0.225,0.2,0.001119402985074627,0.06259321407118502,0.5,
all_failure,main,64,1535,118,0.07687296416938111,0.2288135593220339,0.2,0.0011074918566775247,0.05837093560821603,0.5,
all_failure,failure,64,24,2,0.08333333333333333,0.0,0.2,-0.008333333333333333,0.02886751345948129,0.5,
all_failure,mixed,64,1511,116,0.07677035076108538,0.23275862068965517,0.2,0.0012574454003970881,0.05872007876836118,0.5,
all_failure,main,65,1478,109,0.07374830852503383,0.2018348623853211,0.2,6.765899864682003e-05,0.0544998168858887,0.5,
all_failure,failure,65,173,15,0.08670520231213873,0.2,0.2,0.0,0.05889149422867066,0.5,
all_failure,mixed,65,1305,94,0.07203065134099616,0.20212765957446807,0.2,7.662835249042147e-05,0.053890765065890224,0.5,
all_failure,main,66,1673,122,0.07292289300657502,0.1557377049180328,0.2,-0.0016138673042438733,0.049322971615565085,0.5,
all_failure,failure,66,211,15,0.07109004739336493,0.2,0.2,0.0,0.05332543385416191,0.5,
all_failure,mixed,66,1462,107,0.073187414500684,0.14953271028037382,0.2,-0.0018467852257181944,0.0487181794847868,0.5,
all_failure,main,67,1587,161,0.10144927536231885,0.19875776397515527,0.2,-6.30119722747322e-05,0.06355365782400203,0.5,
all_failure,failure,67,158,9,0.056962025316455694,0.1111111111111111,0.2,-0.002531645569620253,0.038974188147697854,0.5,
all_failure,mixed,67,1429,152,0.10636808957312806,0.20394736842105263,0.2,0.00020993701889433173,0.06570924355517588,0.5,
all_failure,main,68,1458,147,0.10082304526748971,0.1836734693877551,0.2,-0.000823045267489712,0.06153054713272649,0.5,
all_failure,failure,68,119,8,0.06722689075630252,0.5,0.2,0.010084033613445377,0.07559289460184546,0.5,
all_failure,mixed,68,1339,139,0.10380881254667662,0.16546762589928057,0.2,-0.001792382374906647,0.06012185783386165,0.5,
all_failure,main,69,1481,143,0.09655638082376772,0.23776223776223776,0.2,0.001823092505064146,0.06640167907869464,0.5,
all_failure,failure,69,347,33,0.09510086455331412,0.3333333333333333,0.2,0.006340057636887607,0.07553841322928917,0.5,
all_failure,mixed,69,1134,110,0.09700176366843033,0.20909090909090908,0.2,0.0004409171075837742,0.06334307917217434,0.5,
all_failure,main,70,1420,115,0.08098591549295775,0.1565217391304348,0.2,-0.0017605633802816902,0.05206983393130617,0.5,
all_failure,failure,70,197,11,0.05583756345177665,0.09090909090909091,0.2,-0.0030456852791878176,0.03632900981742719,0.5,
all_failure,mixed,70,1223,104,0.08503679476696648,0.16346153846153846,0.2,-0.0015535568274734261,0.054179375618741046,0.5,
all_failure,main,71,1699,139,0.08181283107710417,0.2014388489208633,0.2,5.885815185403179e-05,0.05736000948954225,0.5,
all_failure,failure,71,145,8,0.05517241379310345,0.0,0.2,-0.005517241379310345,0.023488808780588143,0.5,
all_failure,mixed,71,1554,131,0.08429858429858429,0.21374045801526717,0.2,0.0005791505791505791,0.05954568452615643,0.5,
all_failure,main,72,1608,124,0.07711442786069651,0.25806451612903225,0.2,0.002238805970149254,0.06128799968568592,0.5,
all_failure,failure,72,108,5,0.046296296296296294,0.4,0.2,0.004629629629629629,0.05692750425533111,0.5,
all_failure,mixed,72,1500,119,0.07933333333333334,0.25210084033613445,0.2,0.0020666666666666667,0.06159004248523729,0.5,
all_failure,main,73,1531,139,0.09079033311561072,0.2302158273381295,0.2,0.001371652514696277,0.06358544706954031,0.5,
all_failure,failure,73,132,13,0.09848484848484848,0.0,0.2,-0.00984848484848485,0.031382295723042394,0.5,
all_failure,mixed,73,1399,126,0.09006433166547534,0.25396825396825395,0.2,0.002430307362401716,0.06581538935036037,0.5,
all_failure,main,74,1371,122,0.08898614150255288,0.19672131147540983,0.2,-0.00014587892049598833,0.05929318665709678,0.5,
all_failure,failure,74,199,17,0.08542713567839195,0.17647058823529413,0.2,-0.0010050251256281417,0.05581736189974618,0.5,
all_failure,mixed,74,1172,105,0.08959044368600683,0.2,0.2,0.0,0.0598633255628208,0.5,
all_failure,main,75,1473,131,0.08893414799728445,0.22900763358778625,0.2,0.0012898845892735913,0.06280391147590615,0.5,
all_failure,failure,75,145,9,0.06206896551724138,0.3333333333333333,0.2,0.004137931034482759,0.06102571532587294,0.5,
all_failure,mixed,75,1328,122,0.09186746987951808,0.22131147540983606,0.2,0.0009789156626506025,0.062995027533734,0.5,
all_failure,main,76,1525,151,0.09901639344262295,0.2119205298013245,0.2,0.0005901639344262295,0.06432499450472412,0.5,
all_failure,failure,76,93,7,0.07526881720430108,0.42857142857142855,0.2,0.008602150537634409,0.07477565011059661,0.5,
all_failure,mixed,76,1432,144,0.1005586592178771,0.2013888888888889,0.2,6.983240223463688e-05,0.06358691759619643,0.5,
all_failure,main,77,1539,124,0.08057179987004548,0.1693548387096774,0.2,-0.001234567901234568,0.05340881598043013,0.5,
all_failure,failure,77,19,3,0.15789473684210525,0.0,0.2,-0.01578947368421053,0.03973597071195132,0.5,
all_failure,mixed,77,1520,121,0.07960526315789473,0.17355371900826447,0.2,-0.0010526315789473684,0.05355764233637978,0.5,
all_failure,main,78,1529,118,0.07717462393721386,0.1864406779661017,0.2,-0.0005232177894048398,0.05412965564888717,0.5,
all_failure,failure,78,110,7,0.06363636363636363,0.14285714285714285,0.2,-0.0018181818181818188,0.0447213595499958,0.5,
all_failure,mixed,78,1419,111,0.07822410147991543,0.1891891891891892,0.2,-0.00042283298097251594,0.05479155194831465,0.5,
all_failure,main,79,1525,122,0.08,0.28688524590163933,0.2,0.003475409836065574,0.06513542009398322,0.5,
all_failure,failure,79,37,3,0.08108108108108109,0.3333333333333333,0.2,0.005405405405405404,0.06974858324629157,0.5,
all_failure,mixed,79,1488,119,0.07997311827956989,0.2857142857142857,0.2,0.00342741935483871,0.06501654049266548,0.5,
all_failure,main,80,1515,127,0.08382838283828382,0.1732283464566929,0.2,-0.0011221122112211222,0.054922687936453156,0.5,
all_failure,failure,80,111,10,0.09009009009009009,0.0,0.2,-0.009009009009009009,0.030015011259383214,0.5,
all_failure,mixed,80,1404,117,0.08333333333333333,0.18803418803418803,0.2,-0.0004985754985754986,0.05642482329401382,0.5,
all_failure,main,81,1441,114,0.0791117279666898,0.20175438596491227,0.2,6.939625260235948e-05,0.05643835570291095,0.5,
all_failure,failure,81,176,16,0.09090909090909091,0.1875,0.2,-0.0005681818181818187,0.05887197203176645,0.5,
all_failure,mixed,81,1265,98,0.0774703557312253,0.20408163265306123,0.2,0.00015810276679841898,0.056091399156096455,0.5,
all_failure,main,82,1343,127,0.09456440804169769,0.2047244094488189,0.2,0.0002233804914370812,0.06204506804814572,0.5,
all_failure,failure,82,80,9,0.1125,0.2222222222222222,0.2,0.0012499999999999998,0.0698212002188447,0.5,
all_failure,mixed,82,1263,118,0.0934283452098179,0.2033898305084746,0.2,0.00015835312747426763,0.06151942576646012,0.5,
all_failure,main,83,1387,123,0.08868060562364816,0.1951219512195122,0.2,-0.00021629416005767847,0.059011320752281285,0.5,
all_failure,failure,83,201,19,0.0945273631840796,0.15789473684210525,0.2,-0.001990049751243782,0.05642764926868787,0.5,
all_failure,mixed,83,1186,104,0.08768971332209106,0.20192307692307693,0.2,8.431703204047218e-05,0.05943806560190014,0.5,
all_failure,main,84,1300,120,0.09230769230769231,0.125,0.2,-0.0034615384615384616,0.05151549430847145,0.5,
all_failure,failure,84,133,20,0.15037593984962405,0.15,0.2,-0.0037593984962406013,0.06990864070422756,0.5,
all_failure,mixed,84,1167,100,0.0856898029134533,0.12,0.2,-0.003427592116538132,0.04898279781287195,0.5,
all_failure,main,85,1435,136,0.09477351916376307,0.20588235294117646,0.2,0.00027874564459930314,0.06224599954961214,0.5,
all_failure,failure,85,42,8,0.19047619047619047,0.25,0.2,0.004761904761904761,0.0951189731211342,0.5,
all_failure,mixed,85,1393,128,0.09188801148600144,0.203125,0.2,0.00014357501794687725,0.06098026701174832,0.5,
all_failure,main,86,1583,124,0.07833228048010107,0.13709677419354838,0.2,-0.00246367656348705,0.04893044297937561,0.5,
all_failure,failure,86,248,18,0.07258064516129033,0.1111111111111111,0.2,-0.0032258064516129032,0.04399413450640599,0.5,
all_failure,mixed,86,1335,106,0.07940074906367041,0.14150943396226415,0.2,-0.0023220973782771535,0.04979358140427008,0.5,
all_failure,main,87,1444,125,0.0865650969529086,0.144,0.2,-0.0024238227146814403,0.05230159714303103,0.5,
all_failure,failure,87,62,4,0.06451612903225806,0.25,0.2,0.0016129032258064512,0.05535807194106618,0.5,
all_failure,mixed,87,1382,121,0.08755426917510854,0.14049586776859505,0.2,-0.0026049204052098407,0.05216027842565058,0.5,
all_failure,main,88,1608,156,0.09701492537313433,0.16025641025641027,0.2,-0.001927860696517413,0.05746510946626788,0.5,
all_failure,failure,88,277,23,0.08303249097472924,0.21739130434782608,0.2,0.0007220216606498185,0.05948030041269224,0.5,
all_failure,mixed,88,1331,133,0.09992486851990984,0.15037593984962405,0.2,-0.0024793388429752068,0.05703676961315247,0.5,
all_failure,main,89,1475,112,0.0759322033898305,0.24107142857142858,0.2,0.0015593220338983053,0.05920375617950868,0.5,
all_failure,failure,89,25,3,0.12,0.0,0.2,-0.012000000000000002,0.03464101615137755,0.5,
all_failure,mixed,89,1450,109,0.07517241379310345,0.24770642201834864,0.2,0.001793103448275862,0.05953845468440457,0.5,
all_failure,main,90,1407,137,0.09737029140014215,0.2116788321167883,0.2,0.0005685856432125089,0.06376039012560572,0.5,
all_failure,failure,90,34,4,0.11764705882352941,0.25,0.2,0.002941176470588235,0.0747545001596402,0.5,
all_failure,mixed,90,1373,133,0.0968681718863802,0.21052631578947367,0.2,0.0005098324836125274,0.06346397892142414,0.5,
all_failure,main,91,1463,129,0.08817498291182502,0.17829457364341086,0.2,-0.0009569377990430623,0.05692027737775074,0.5,
all_failure,failure,91,76,4,0.05263157894736842,0.25,0.2,0.0013157894736842103,0.05,0.5,
all_failure,mixed,91,1387,125,0.09012256669069935,0.176,0.2,-0.0010814708002883922,0.057275312548614316,0.5,
all_failure,main,92,1121,95,0.0847457627118644,0.22105263157894736,0.2,0.0008920606601248885,0.060476844382887925,0.5,
all_failure,failure,92,69,4,0.057971014492753624,0.0,0.2,-0.005797101449275362,0.024077170617153844,0.5,
all_failure,mixed,92,1052,91,0.08650190114068441,0.23076923076923078,0.2,0.0013307984790874527,0.06212339003429878,0.5,
all_failure,main,93,1431,127,0.08874912648497554,0.2204724409448819,0.2,0.0009084556254367576,0.06182638390711565,0.5,
all_failure,failure,93,60,5,0.08333333333333333,0.2,0.2,0.0,0.05773502691896258,0.5,
all_failure,mixed,93,1371,122,0.08898614150255288,0.22131147540983606,0.2,0.0009482129832239242,0.06199927060110702,0.5,
all_failure,main,94,1345,115,0.08550185873605948,0.17391304347826086,0.2,-0.0011152416356877324,0.055547293892106574,0.5,
all_failure,failure,94,19,1,0.05263157894736842,0.0,0.2,-0.005263157894736842,0.02294157338705618,0.5,
all_failure,mixed,94,1326,114,0.08597285067873303,0.17543859649122806,0.2,-0.0010558069381598795,0.05587639882545544,0.5,
all_failure,main,95,1320,124,0.09393939393939393,0.20161290322580644,0.2,7.575757575757576e-05,0.061484168940492565,0.5,
all_failure,failure,95,117,12,0.10256410256410256,0.08333333333333333,0.2,-0.005982905982905984,0.048038446141526144,0.5,
all_failure,mixed,95,1203,112,0.09310058187863675,0.21428571428571427,0.2,0.0006650041562759767,0.06263804372766013,0.5,
all_failure,main,96,1562,146,0.09346991037131883,0.1917808219178082,0.2,-0.000384122919334187,0.06019600932829765,0.5,
all_failure,failure,96,122,12,0.09836065573770492,0.4166666666666667,0.2,0.010655737704918032,0.0844461221192756,0.5,
all_failure,mixed,96,1440,134,0.09305555555555556,0.17164179104477612,0.2,-0.0013194444444444445,0.057674854909994265,0.5,
all_failure,main,97,1320,118,0.0893939393939394,0.2033898305084746,0.2,0.00015151515151515152,0.06017650805100045,0.5,
all_failure,failure,97,29,4,0.13793103448275862,0.0,0.2,-0.013793103448275864,0.037139067635410375,0.5,
all_failure,mixed,97,1291,114,0.08830364058869093,0.21052631578947367,0.2,0.0004647560030983734,0.06059350150368561,0.5,
all_failure,main,98,1436,128,0.08913649025069638,0.171875,0.2,-0.0012534818941504179,0.05647490630167287,0.5,
all_failure,failure,98,270,29,0.10740740740740741,0.2413793103448276,0.2,0.002222222222222221,0.07044829992954382,0.5,
all_failure,mixed,98,1166,99,0.08490566037735849,0.15151515151515152,0.2,-0.0020583190394511154,0.05271366713916805,0.5,
all_failure,main,99,1508,114,0.07559681697612732,0.2719298245614035,0.2,0.0027188328912466845,0.06196388098254578,0.5,
all_failure,failure,99,145,12,0.08275862068965517,0.5833333333333334,0.2,0.01586206896551724,0.08982742074245136,0.5,
all_failure,mixed,99,1363,102,0.0748349229640499,0.23529411764705882,0.2,0.0013206162876008805,0.058220115122200336,0.5,
additive,main,0,1949,148,0.07593637762955362,0.20270270270270271,0.2,0.00010261672652642381,0.05539169724011057,0.5,
additive,failure,0,426,30,0.07042253521126761,0.1,0.2,-0.0035211267605633804,0.041959067914834454,0.5,0.16666666666666666
additive,main,1,2075,117,0.056385542168674696,0.23931623931623933,0.2,0.0011084337349397593,0.05087191570236879,0.5,
additive,failure,1,350,21,0.06,0.2857142857142857,0.2,0.0025714285714285713,0.05631543812693436,0.5,0.16666666666666666
additive,main,2,2084,131,0.0628598848368522,0.22137404580152673,0.2,0.000671785028790787,0.052114593945566966,0.5,
additive,failure,2,299,18,0.06020066889632107,0.16666666666666666,0.2,-0.0010033444816053513,0.04590232468373729,0.5,0.16666666666666666
additive,main,3,1982,130,0.06559031281533804,0.23846153846153847,0.2,0.0012613521695257316,0.05479067588076681,0.5,
additive,failure,3,338,26,0.07692307692307693,0.23076923076923078,0.2,0.001183431952662722,0.05858287004510699,0.5,0.16666666666666666
additive,main,4,1912,128,0.06694560669456066,0.1328125,0.2,-0.002248953974895397,0.04475643054706003,0.5,
additive,failure,4,331,23,0.06948640483383686,0.17391304347826086,0.19999999999999998,-0.000906344410876133,0.05007547174106935,0.5,0.16666666666666666
additive,main,5,2122,129,0.06079170593779453,0.21705426356589147,0.2,0.0005183788878416588,0.05086434806290433,0.5,
additive,failure,5,437,25,0.057208237986270026,0.28,0.2,0.002288329519450801,0.054541987269314286,0.5,0.16666666666666666
additive,main,6,1939,156,0.08045384218669417,0.1987179487179487,0.2,-5.15729757607014e-05,0.05659224147124371,0.5,
additive,failure,6,505,25,0.04950495049504951,0.2,0.2,0.0,0.044499415948998484,0.5,0.16666666666666666
additive,main,7,1947,145,0.07447354904982023,0.20689655172413793,0.2,0.00025680534155110427,0.05528095118988223,0.5,
additive,failure,7,424,23,0.054245283018867926,0.17391304347826086,0.19999999999999998,-0.0007075471698113208,0.04424417667683874,0.5,0.16666666666666666
additive,main,8,1968,147,0.07469512195121951,0.19047619047619047,0.2,-0.00035569105691056913,0.05367585640654102,0.5,
additive,failure,8,441,25,0.05668934240362812,0.12,0.2,-0.0022675736961451248,0.039840953644479794,0.5,0.16666666666666666
additive,main,9,2092,146,0.06978967495219886,0.21232876712328766,0.2,0.00043021032504780116,0.05404303928909157,0.5,
additive,failure,9,457,43,0.09409190371991247,0.09302325581395349,0.19999999999999998,-0.0050328227571115975,0.04747451233728494,0.5,0.16666666666666666
additive,main,10,2063,157,0.07610276296655356,0.18471337579617833,0.2,-0.0005816771691711101,0.053568716317556185,0.5,
additive,failure,10,439,34,0.0774487471526196,0.35294117647058826,0.19999999999999998,0.005922551252847381,0.06981916113760604,0.5,0.16666666666666666
additive,main,11,2086,133,0.06375838926174497,0.23308270676691728,0.2,0.0010546500479386386,0.05354185824989072,0.5,
additive,failure,11,289,24,0.08304498269896193,0.0,0.20000000000000004,-0.008304498269896194,0.02881752638568445,0.5,0.16666666666666666
additive,main,12,2037,136,0.06676485027000491,0.17647058823529413,0.2,-0.0007854688267059401,0.049345246607838684,0.5,
additive,failure,12,372,20,0.053763440860215055,0.1,0.2,-0.002688172043010753,0.036661778755338326,0.5,0.16666666666666666
additive,main,13,2142,157,0.07329598506069095,0.2229299363057325,0.2,0.0008403361344537816,0.05642641440640875,0.5,
additive,failure,13,416,26,0.0625,0.15384615384615385,0.2,-0.0014423076923076926,0.045467655452064965,0.5,0.16666666666666666
additive,main,14,2063,147,0.07125545322346098,0.24489795918367346,0.2,0.0015996122152205528,0.057707034176992716,0.5,
additive,failure,14,363,20,0.05509641873278237,0.15,0.2,-0.0013774104683195593,0.042315878920511946,0.5,0.16666666666666666
additive,main,15,2080,155,0.07451923076923077,0.1870967741935484,0.2,-0.0004807692307692308,0.05325916316971627,0.5,
additive,failure,15,366,35,0.09562841530054644,0.0,0.2,-0.009562841530054645,0.0309238444085703,0.5,0.16666666666666666
additive,main,16,2005,166,0.0827930174563591,0.20481927710843373,0.2,0.00019950124688279303,0.05806523118286194,0.5,
additive,failure,16,449,30,0.066815144766147,0.36666666666666664,0.2,0.005567928730512249,0.06590132327806139,0.5,0.16666666666666666
additive,main,17,2102,165,0.07849666983824928,0.21212121212121213,0.2,0.0004757373929590866,0.05729387411772482,0.5,
additive,failure,17,492,37,0.07520325203252033,0.21621621621621623,0.2,0.0006097560975609757,0.05648944069973703,0.5,0.16666666666666666
additive,main,18,1989,152,0.07642031171442937,0.18421052631578946,0.2,-0.000603318250377074,0.053626644435989586,0.5,
additive,failure,18,420,34,0.08095238095238096,0.23529411764705882,0.19999999999999998,0.0014285714285714288,0.06055300708194984,0.5,0.16666666666666666
additive,main,19,1975,154,0.0779746835443038,0.18831168831168832,0.2,-0.0004556962025316456,0.05461024153959273,0.5,
additive,failure,19,448,30,0.06696428571428571,0.13333333333333333,0.2,-0.002232142857142857,0.044821072850039764,0.5,0.16666666666666666
additive,main,20,1664,155,0.09314903846153846,0.2064516129032258,0.2,0.00030048076923076925,0.06177463694131087,0.5,
additive,failure,20,459,33,0.0718954248366013,0.09090909090909091,0.2,-0.00392156862745098,0.04122312949338949,0.5,0.16666666666666666
additive,main,21,2113,189,0.08944628490298154,0.14285714285714285,0.2,-0.002555608140085187,0.05302045788272397,0.5,
additive,failure,21,468,35,0.07478632478632478,0.2571428571428571,0.2,0.002136752136752137,0.06027004755663159,0.5,0.16666666666666666
additive,main,22,1750,147,0.084,0.1836734693877551,0.2,-0.0006857142857142858,0.0561630280013971,0.5,
additive,failure,22,470,34,0.07234042553191489,0.2647058823529412,0.19999999999999998,0.002340425531914894,0.05996452852187754,0.5,0.16666666666666666
additive,main,23,1930,194,0.10051813471502591,0.20618556701030927,0.2,0.00031088082901554407,0.06414039006200149,0.5,
additive,failure,23,377,28,0.07427055702917772,0.14285714285714285,0.19999999999999998,-0.0021220159151193636,0.048313740350249226,0.5,0.16666666666666666
additive,main,24,1953,170,0.08704557091653865,0.2411764705882353,0.2,0.0017921146953405018,0.06339918962623811,0.5,
additive,failure,24,459,45,0.09803921568627451,0.3333333333333333,0.2,0.006535947712418301,0.07669649888473705,0.5,0.16666666666666666
additive,main,25,1913,163,0.08520648196549922,0.2147239263803681,0.2,0.0006272869837950863,0.05997037079890782,0.5,
additive,failure,25,400,38,0.095,0.07894736842105263,0.2,-0.005750000000000001,0.0455521678957215,0.5,0.16666666666666666
additive,main,26,1818,154,0.0847084708470847,0.21428571428571427,0.2,0.0006050605060506051,0.05974828019029979,0.5,
additive,failure,26,365,35,0.0958904109589041,0.17142857142857143,0.2,-0.0013698630136986301,0.05852057359806529,0.5,0.16666666666666666
additive,main,27,2125,178,0.08376470588235294,0.21348314606741572,0.2,0.0005647058823529412,0.05932958789676531,0.5,
additive,failure,27,411,47,0.11435523114355231,0.10638297872340426,0.2,-0.005352798053527981,0.054482748000479,0.5,0.16666666666666666
additive,main,28,1874,148,0.07897545357524013,0.18243243243243243,0.2,-0.0006937033084311634,0.054322252811166226,0.5,
additive,failure,28,321,31,0.09657320872274143,0.25806451612903225,0.2,0.0028037383177570096,0.06858607616883153,0.5,0.16666666666666666
additive,main,29,1992,153,0.07680722891566265,0.16339869281045752,0.2,-0.0014056224899598394,0.051484001492099994,0.5,
additive,failure,29,474,49,0.10337552742616034,0.22448979591836735,0.2,0.0012658227848101268,0.06719202283373714,0.5,0.16666666666666666
additive,main,30,1937,158,0.08156943727413526,0.21518987341772153,0.2,0.0006195147134744452,0.05872505346960311,0.5,
additive,failure,30,468,40,0.08547008547008547,0.2,0.2,0.0,0.05847053462046862,0.5,0.16666666666666666
additive,main,31,1850,156,0.08432432432432432,0.23717948717948717,0.2,0.0015675675675675678,0.06199389682253604,0.5,
additive,failure,31,513,54,0.10526315789473684,0.18518518518518517,0.2,-0.0007797270955165693,0.06306035352846116,0.5,0.16666666666666666
additive,main,32,1894,156,0.08236536430834214,0.20512820512820512,0.2,0.0002111932418162619,0.05794801588388134,0.5,
additive,failure,32,419,46,0.10978520286396182,0.13043478260869565,0.19999999999999998,-0.0038186157517899762,0.05697212817704356,0.5,0.16666666666666666
additive,main,33,1898,211,0.11116965226554268,0.22748815165876776,0.2,0.0015279241306638569,0.0700368712166732,0.5,
additive,failure,33,324,27,0.08333333333333333,0.14814814814814814,0.2,-0.002160493827160494,0.05181877251716009,0.5,0.16666666666666666
additive,main,34,1774,141,0.0794813979706877,0.2765957446808511,0.2,0.0030439684329199553,0.06397223185651331,0.5,
additive,failure,34,408,41,0.10049019607843138,0.1951219512195122,0.19999999999999998,-0.00024509803921568627,0.06281781937772554,0.5,0.16666666666666666
additive,main,35,1529,144,0.09417920209287116,0.2569444444444444,0.2,0.002681491170699804,0.06761372223835031,0.5,
additive,failure,35,449,51,0.11358574610244988,0.19607843137254902,0.19999999999999998,-0.00022271714922048998,0.06690750854225443,0.5,0.16666666666666666
additive,main,36,1782,168,0.09427609427609428,0.2261904761904762,0.2,0.001234567901234568,0.06435381994422819,0.5,
additive,failure,36,392,33,0.08418367346938775,0.21212121212121213,0.19999999999999998,0.0005102040816326531,0.05933302759227197,0.5,0.16666666666666666
additive,main,37,1821,192,0.10543657331136738,0.17708333333333334,0.2,-0.0012081274025260848,0.06208884530812979,0.5,
additive,failure,37,304,29,0.09539473684210527,0.20689655172413793,0.19999999999999998,0.0003289473684210526,0.062565754884046,0.5,0.16666666666666666
additive,main,38,1951,188,0.09636084059456688,0.22340425531914893,0.2,0.0011276268580215276,0.06475122918670452,0.5,
additive,failure,38,370,29,0.07837837837837838,0.10344827586206896,0.19999999999999998,-0.003783783783783784,0.0447213595499958,0.5,0.16666666666666666
additive,main,39,1734,162,0.09342560553633218,0.16049382716049382,0.2,-0.001845444059976932,0.05642154733309083,0.5,
additive,failure,39,456,47,0.10307017543859649,0.10638297872340426,0.2,-0.004824561403508772,0.05172464206247568,0.5,0.16666666666666666
additive,main,40,1751,152,0.08680753854940035,0.17105263157894737,0.2,-0.0012564249000571103,0.055636086058949916,0.5,
additive,failure,40,386,42,0.10880829015544041,0.21428571428571427,0.2,0.0007772020725388602,0.06771626265513532,0.5,0.16666666666666666
additive,main,41,1858,191,0.10279870828848224,0.20418848167539266,0.2,0.00021528525296017224,0.06462610855859528,0.5,
additive,failure,41,417,40,0.09592326139088729,0.275,0.2,0.0035971223021582736,0.07011467140536974,0.5,0.16666666666666666
additive,main,42,1631,179,0.10974862047823421,0.19553072625698323,0.2,-0.0002452483139178418,0.06569908922469182,0.5,
additive,failure,42,445,37,0.08314606741573034,0.24324324324324326,0.2,0.0017977528089887641,0.062170479645293424,0.5,0.16666666666666666
additive,main,43,2169,191,0.0880590133702167,0.19895287958115182,0.2,-4.610419548178885e-05,0.05923283950786195,0.5,
additive,failure,43,375,40,0.10666666666666667,0.2,0.2,0.0,0.06531972647421809,0.5,0.16666666666666666
additive,main,44,1758,221,0.12571103526734925,0.20361990950226244,0.2,0.0002275312855517634,0.07139118150275635,0.5,
additive,failure,44,403,44,0.10918114143920596,0.20454545454545456,0.2,0.00024813895781637717,0.0666459852122628,0.5,0.16666666666666666
additive,main,45,1799,178,0.09894385769872151,0.17415730337078653,0.2,-0.0012784880489160647,0.05978467941934657,0.5,
additive,failure,45,417,45,0.1079136690647482,0.13333333333333333,0.2,-0.0035971223021582736,0.05689824313581612,0.5,0.16666666666666666
additive,main,46,1683,179,0.10635769459298872,0.1787709497206704,0.2,-0.0011289364230540702,0.06257496989055071,0.5,
additive,failure,46,286,33,0.11538461538461539,0.18181818181818182,0.19999999999999998,-0.0010489510489510492,0.06557971714409343,0.5,0.125
additive,main,47,1652,176,0.10653753026634383,0.1875,0.2,-0.000665859564164649,0.06373180792511977,0.5,
additive,failure,47,115,11,0.09565217391304348,0.09090909090909091,0.2,-0.0052173913043478265,0.04754860213736459,0.5,0.0625
additive,main,48,1833,203,0.11074740861974905,0.21182266009852216,0.2,0.0006546644844517185,0.06801687797984761,0.5,
additive,failure,48,375,30,0.08,0.23333333333333334,0.2,0.0013333333333333333,0.060000000000000005,0.5,0.14583333333333331
additive,main,49,1511,138,0.09133024487094639,0.21739130434782608,0.2,0.0007941760423560557,0.06238158869045155,0.5,
additive,failure,49,329,30,0.0911854103343465,0.3,0.2,0.004559270516717325,0.07081805962033313,0.5,0.14583333333333331
additive,main,50,1880,209,0.11117021276595744,0.21052631578947367,0.2,0.0005851063829787234,0.06798779615145585,0.5,
additive,failure,50,445,38,0.0853932584269663,0.21052631578947367,0.19999999999999998,0.00044943820224719103,0.0595865907545717,0.5,0.16666666666666666
additive,main,51,1652,168,0.1016949152542373,0.19047619047619047,0.2,-0.00048426150121065375,0.0626300100575299,0.5,
additive,failure,51,347,28,0.08069164265129683,0.10714285714285714,0.2,-0.003746397694524496,0.04586661528491638,0.5,0.14583333333333331
additive,main,52,1782,186,0.10437710437710437,0.23118279569892472,0.2,0.0016273849607182941,0.0682883567184016,0.5,
additive,failure,52,358,41,0.11452513966480447,0.2682926829268293,0.19999999999999998,0.003910614525139665,0.07585637708284043,0.5,0.125
additive,main,53,1725,181,0.10492753623188406,0.1878453038674033,0.2,-0.0006376811594202899,0.06329136672129364,0.5,
additive,failure,53,384,41,0.10677083333333333,0.21951219512195122,0.19999999999999998,0.0010416666666666667,0.06770032003863301,0.5,0.14583333333333331
additive,main,54,1715,186,0.10845481049562682,0.16666666666666666,0.2,-0.0018075801749271138,0.061611024722422365,0.5,
additive,failure,54,332,30,0.09036144578313253,0.26666666666666666,0.2,0.0030120481927710845,0.06721660724223313,0.5,0.125
additive,main,55,1796,161,0.08964365256124722,0.17391304347826086,0.2,-0.0011692650334075723,0.05687676671917645,0.5,
additive,failure,55,353,28,0.07932011331444759,0.14285714285714285,0.19999999999999998,-0.00226628895184136,0.049929128242194414,0.5,0.16666666666666666
additive,main,56,1722,202,0.1173054587688734,0.18316831683168316,0.2,-0.0009872241579558653,0.06630272319722756,0.5,
additive,failure,56,250,41,0.164,0.2682926829268293,0.19999999999999998,0.005600000000000001,0.09077444574328175,0.5,0.10416666666666666
additive,main,57,1663,189,0.11365003006614552,0.21164021164021163,0.2,0.000661455201443175,0.06887987923246364,0.5,
additive,failure,57,333,35,0.10510510510510511,0.11428571428571428,0.2,-0.0045045045045045045,0.05341210399200591,0.5,0.16666666666666666
additive,main,58,1785,189,0.10588235294117647,0.18518518518518517,0.2,-0.0007843137254901962,0.0632455532033676,0.5,
additive,failure,58,132,18,0.13636363636363635,0.2777777777777778,0.2,0.005303030303030303,0.08393720596645177,0.5,0.0625
additive,main,59,1606,145,0.09028642590286426,0.1724137931034483,0.2,-0.0012453300124533001,0.05690217950464271,0.5,
additive,failure,59,199,19,0.09547738693467336,0.21052631578947367,0.19999999999999998,0.0005025125628140704,0.06300673968895039,0.5,0.08333333333333333
additive,main,60,1503,142,0.09447771124417831,0.18309859154929578,0.2,-0.0007984031936127746,0.059494432442736195,0.5,
additive,failure,60,56,6,0.10714285714285714,0.16666666666666666,0.19999999999999998,-0.0017857142857142859,0.06123724356957946,0.5,0.020833333333333332
additive,main,61,1646,182,0.11057108140947752,0.25824175824175827,0.2,0.00321992709599028,0.0734085920391897,0.5,
additive,failure,61,182,16,0.08791208791208792,0.1875,0.2,-0.0005494505494505495,0.05789342235218395,0.5,0.08333333333333333
additive,main,62,1736,163,0.09389400921658986,0.2331288343558282,0.2,0.001555299539170507,0.0649796139601856,0.5,
additive,failure,62,265,26,0.09811320754716982,0.34615384615384615,0.2,0.007169811320754718,0.07794531222667088,0.5,0.10416666666666666
additive,main,63,1633,173,0.10593998775260258,0.18497109826589594,0.2,-0.0007960808328230252,0.06323587004428101,0.5,
additive,failure,63,11,3,0.2727272727272727,0.0,0.20000000000000004,-0.02727272727272728,0.05222329678670936,0.5,0.020833333333333332
additive,main,64,1432,166,0.11592178770949721,0.18674698795180722,0.2,-0.0007681564245810056,0.06638090524394487,0.5,
additive,failure,64,247,22,0.08906882591093117,0.13636363636363635,0.2,-0.002834008097165992,0.05208215248323988,0.5,0.10416666666666666
additive,main,65,1557,172,0.11046885035324341,0.1744186046511628,0.2,-0.0014129736673089276,0.06320492001369087,0.5,
additive,failure,65,35,4,0.11428571428571428,0.0,0.2,-0.011428571428571429,0.033806170189140665,0.5,0.041666666666666664
additive,main,66,1494,166,0.1111111111111111,0.18072289156626506,0.2,-0.00107095046854083,0.06421183149453219,0.5,
additive,failure,66,106,6,0.05660377358490566,0.16666666666666666,0.19999999999999998,-0.0009433962264150943,0.044509909856926225,0.5,0.041666666666666664
additive,main,67,1636,179,0.10941320293398533,0.2122905027932961,0.2,0.0006723716381418093,0.0676626899317634,0.5,
additive,failure,67,82,10,0.12195121951219512,0.0,0.2,-0.012195121951219513,0.034921514788478915,0.5,0.041666666666666664
additive,main,68,1679,171,0.10184633710541989,0.1871345029239766,0.2,-0.0006551518761167362,0.062268032901174705,0.5,
additive,failure,68,146,14,0.0958904109589041,0.0,0.2,-0.009589041095890411,0.030966176864266618,0.5,0.08333333333333333
additive,main,69,1670,158,0.09461077844311377,0.17721518987341772,0.2,-0.0010778443113772455,0.05883092591750854,0.5,
additive,failure,69,86,7,0.08139534883720931,0.2857142857142857,0.19999999999999998,0.003488372093023256,0.06559211523800211,0.5,0.041666666666666664
additive,main,70,1590,177,0.11132075471698114,0.20903954802259886,0.2,0.0005031446540880503,0.06785111336526219,0.5,
additive,failure,70,49,3,0.061224489795918366,0.0,0.20000000000000004,-0.006122448979591837,0.024743582965269677,0.5,0.041666666666666664
additive,main,71,1462,180,0.12311901504787962,0.2388888888888889,0.2,0.0023939808481532147,0.07511960367547975,0.5,
additive,failure,71,179,23,0.12849162011173185,0.2608695652173913,0.19999999999999998,0.003910614525139665,0.07945344021507926,0.5,0.125
additive,main,72,1424,150,0.10533707865168539,0.2,0.2,0.0,0.06491134836118732,0.5,
additive,failure,72,85,11,0.12941176470588237,0.09090909090909091,0.2,-0.007058823529411766,0.05530663187549722,0.5,0.0625
additive,main,73,1365,145,0.10622710622710622,0.25517241379310346,0.2,0.0029304029304029304,0.0716114874039433,0.5,
additive,failure,73,52,4,0.07692307692307693,0.0,0.2,-0.007692307692307693,0.02773500981126146,0.5,0.020833333333333332
additive,main,74,1533,163,0.10632746249184605,0.2085889570552147,0.2,0.0004566210045662101,0.06625771503035481,0.5,
additive,failure,74,96,6,0.0625,0.0,0.20000000000000004,-0.006250000000000001,0.025,0.5,0.0625
additive,main,75,1358,155,0.11413843888070692,0.17419354838709677,0.2,-0.0014727540500736377,0.06421612990679357,0.5,
additive,failure,75,212,18,0.08490566037735849,0.2222222222222222,0.2,0.0009433962264150943,0.060656782662937773,0.5,0.08333333333333333
additive,main,76,1574,184,0.11689961880559085,0.21195652173913043,0.2,0.0006988564167725541,0.06989736530982696,0.5,
additive,failure,76,152,11,0.07236842105263158,0.45454545454545453,0.19999999999999998,0.009210526315789475,0.07521897856819186,0.5,0.0625
additive,main,77,1705,205,0.12023460410557185,0.2,0.2,0.0,0.06934972360595877,0.5,
additive,failure,77,284,32,0.11267605633802817,0.15625,0.2,-0.0024647887323943664,0.06138082464257724,0.5,0.125
additive,main,78,1453,140,0.09635237439779766,0.15,0.2,-0.0024088093599449415,0.055959379624227645,0.5,
additive,failure,78,0,0,,,,,,0.5,0.0
additive,main,79,1494,161,0.10776439089692101,0.15527950310559005,0.2,-0.0024096385542168677,0.059897279317276016,0.5,
additive,failure,79,157,20,0.12738853503184713,0.25,0.2,0.0031847133757961785,0.07778788732195226,0.5,0.0625
additive,main,80,1574,164,0.10419313850063533,0.14634146341463414,0.2,-0.0027954256670902162,0.05769833481044621,0.5,
additive,failure,80,0,0,,,,,,0.5,0.0
additive,main,81,1447,142,0.09813407049067036,0.18309859154929578,0.2,-0.0008293020041465101,0.06063474431695793,0.5,
additive,failure,81,135,14,0.1037037037037037,0.2857142857142857,0.19999999999999998,0.004444444444444445,0.07403702777314526,0.5,0.0625
additive,main,82,1495,172,0.11505016722408026,0.19767441860465115,0.2,-0.00013377926421404682,0.06754163834035266,0.5,
additive,failure,82,85,12,0.1411764705882353,0.3333333333333333,0.19999999999999998,0.009411764705882354,0.09203579866168447,0.5,0.041666666666666664
additive,main,83,1415,124,0.08763250883392226,0.1532258064516129,0.2,-0.002049469964664311,0.05376299251304374,0.5,
additive,failure,83,75,8,0.10666666666666667,0.25,0.2,0.002666666666666667,0.07118052168020875,0.5,0.041666666666666664
additive,main,84,1600,187,0.116875,0.1711229946524064,0.2,-0.0016875000000000002,0.0645658578507248,0.5,
additive,failure,84,24,2,0.08333333333333333,0.0,0.2,-0.008333333333333333,0.02886751345948129,0.5,0.020833333333333332
additive,main,85,1625,171,0.10523076923076922,0.17543859649122806,0.2,-0.0012923076923076924,0.06181859317016574,0.5,
additive,failure,85,0,0,,,,,,0.5,0.0
additive,main,86,1512,159,0.10515873015873016,0.20754716981132076,0.2,0.0003968253968253969,0.06576774912825302,0.5,
additive,failure,86,0,0,,,,,,0.5,0.0
additive,main,87,1524,153,0.10039370078740158,0.20261437908496732,0.2,0.00013123359580052493,0.06367980928234805,0.5,
additive,failure,87,226,27,0.11946902654867257,0.18518518518518517,0.2,-0.0008849557522123895,0.06718090752798139,0.5,0.08333333333333333
additive,main,88,1536,148,0.09635416666666667,0.16216216216216217,0.2,-0.001822916666666667,0.05750905725767609,0.5,
additive,failure,88,307,26,0.08469055374592833,0.19230769230769232,0.2,-0.0003257328990228013,0.05735766975854488,0.5,0.14583333333333331
additive,main,89,1500,165,0.11,0.20606060606060606,0.2,0.0003333333333333333,0.0670820393249937,0.5,
additive,failure,89,81,13,0.16049382716049382,0.15384615384615385,0.2,-0.0037037037037037043,0.07286042804780002,0.5,0.041666666666666664
additive,main,90,1484,146,0.09838274932614555,0.1780821917808219,0.2,-0.001078167115902965,0.06009875072141627,0.5,
additive,failure,90,178,25,0.1404494382022472,0.12,0.2,-0.0056179775280898875,0.06271032028034079,0.5,0.10416666666666666
additive,main,91,1815,199,0.10964187327823692,0.20603015075376885,0.2,0.00033057851239669424,0.06696901137726677,0.5,
additive,failure,91,58,4,0.06896551724137931,0.5,0.19999999999999998,0.010344827586206898,0.07656414934887765,0.5,0.041666666666666664
additive,main,92,1584,184,0.11616161616161616,0.15217391304347827,0.2,-0.002777777777777778,0.06175055718883283,0.5,
additive,failure,92,0,0,,,,,,0.5,0.0
additive,main,93,1537,159,0.10344827586206896,0.20125786163522014,0.2,6.506180871828237e-05,0.06447828764086593,0.5,
additive,failure,93,27,3,0.1111111111111111,0.3333333333333333,0.19999999999999998,0.007407407407407408,0.08164965809277262,0.5,0.020833333333333332
additive,main,94,1481,132,0.08912896691424713,0.22727272727272727,0.2,0.0012153950033760973,0.06268793486455519,0.5,
additive,failure,94,127,14,0.11023622047244094,0.21428571428571427,0.19999999999999998,0.0007874015748031497,0.06815914679145113,0.5,0.0625
additive,main,95,1476,149,0.10094850948509485,0.2080536912751678,0.2,0.00040650406504065046,0.06449722163718365,0.5,
additive,failure,95,0,0,,,,,,0.5,0.0
additive,main,96,1521,166,0.1091387245233399,0.18072289156626506,0.2,-0.001051939513477975,0.06363935203072235,0.5,
additive,failure,96,0,0,,,,,,0.5,0.0
additive,main,97,1579,191,0.12096263457884737,0.16753926701570682,0.2,-0.0019632678910702977,0.0651883809879706,0.5,
additive,failure,97,77,6,0.07792207792207792,0.16666666666666666,0.19999999999999998,-0.0012987012987012987,0.05222329678670936,0.5,0.041666666666666664
additive,main,98,1740,180,0.10344827586206896,0.24444444444444444,0.2,0.0022988505747126436,0.06948083337796512,0.5,
additive,failure,98,122,16,0.13114754098360656,0.0625,0.2,-0.009016393442622951,0.05040817003777639,0.5,0.0625
additive,main,99,1404,156,0.1111111111111111,0.16666666666666666,0.2,-0.001851851851851852,0.062360956446232366,0.5,
additive,failure,99,66,8,0.12121212121212122,0.125,0.2,-0.004545454545454546,0.05903260526902472,0.5,0.020833333333333332
gate_b,main,0,2129,389,0.1827148896195397,0.2365038560411311,0.20000000000000004,0.0033348990136214188,0.09115407445017483,0.5,
gate_b,failure,0,400,68,0.17,0.19117647058823528,0.19999999999999998,-0.0007500000000000001,0.08108637370113428,0.5,0.16666666666666666
gate_b,main,1,1989,326,0.16390145801910508,0.22085889570552147,0.2,0.0017094017094017096,0.08407662477516992,0.5,
gate_b,failure,1,298,59,0.19798657718120805,0.2033898305084746,0.2,0.00033557046979865775,0.08955520212800551,0.5,0.16666666666666666
gate_b,main,2,2113,337,0.15948887837198297,0.20771513353115728,0.2,0.0006152389966871747,0.0810192991446203,0.5,
gate_b,failure,2,428,63,0.14719626168224298,0.2857142857142857,0.19999999999999998,0.006308411214953271,0.08820642738358528,0.5,0.16666666666666666
gate_b,main,3,2094,351,0.167621776504298,0.19658119658119658,0.2,-0.0002865329512893983,0.08135669102652283,0.5,
gate_b,failure,3,548,74,0.13503649635036497,0.12162162162162163,0.2,-0.005291970802919709,0.06175652688695088,0.5,0.16666666666666666
gate_b,main,4,2203,373,0.1693145710394916,0.21179624664879357,0.2,0.0009986382206082615,0.08409622053197245,0.5,
gate_b,failure,4,305,52,0.17049180327868851,0.25,0.2,0.0042622950819672135,0.08999089207101854,0.5,0.16666666666666666
gate_b,main,5,1710,302,0.17660818713450294,0.23841059602649006,0.2,0.0033918128654970765,0.08989922883445241,0.5,
gate_b,failure,5,421,59,0.14014251781472684,0.23728813559322035,0.2,0.002612826603325416,0.0799346526456874,0.5,0.16666666666666666
gate_b,main,6,2057,332,0.16140009722897422,0.20180722891566266,0.2,0.00014584346135148275,0.0806210699976403,0.5,
gate_b,failure,6,332,64,0.1927710843373494,0.21875,0.2,0.0018072289156626509,0.09084608988939906,0.5,0.16666666666666666
gate_b,main,7,1954,327,0.16734902763561924,0.21100917431192662,0.2,0.0009211873080859775,0.08348842613111451,0.5,
gate_b,failure,7,409,62,0.15158924205378974,0.1935483870967742,0.2,-0.000488997555012225,0.07692119614025722,0.5,0.16666666666666666
gate_b,main,8,2032,342,0.16830708661417323,0.18421052631578946,0.2,-0.001328740157480315,0.0795843038376465,0.5,
gate_b,failure,8,482,81,0.16804979253112035,0.18518518518518517,0.19999999999999998,-0.0012448132780082989,0.07967777430276479,0.5,0.16666666666666666
gate_b,main,9,1964,324,0.164969450101833,0.1882716049382716,0.19999999999999998,-0.0009674134419551936,0.07942640600887568,0.5,
gate_b,failure,9,368,57,0.15489130434782608,0.21052631578947367,0.2,0.000815217391304348,0.08025096504905314,0.5,0.16666666666666666
gate_b,main,10,1935,341,0.17622739018087855,0.2287390029325513,0.2,0.0025322997416020675,0.08836733293313635,0.5,
gate_b,failure,10,413,73,0.17675544794188863,0.2465753424657534,0.19999999999999998,0.004116222760290557,0.09113223768657672,0.5,0.16666666666666666
gate_b,main,11,2001,358,0.17891054472763618,0.22905027932960895,0.2,0.0025987006496751624,0.08908440932064375,0.5,
gate_b,failure,11,321,55,0.17133956386292834,0.18181818181818182,0.2,-0.001557632398753894,0.07991428429818392,0.5,0.16666666666666666
gate_b,main,12,1751,307,0.17532838378069673,0.19218241042345277,0.2,-0.0006853226727584239,0.08250780902072448,0.5,
gate_b,failure,12,327,41,0.12538226299694188,0.2926829268292683,0.19999999999999998,0.00581039755351682,0.08220954802170319,0.5,0.16666666666666666
gate_b,main,13,1960,342,0.17448979591836736,0.2222222222222222,0.2,0.0019387755102040817,0.08695530167733259,0.5,
gate_b,failure,13,428,71,0.1658878504672897,0.16901408450704225,0.19999999999999998,-0.0025700934579439253,0.07657993197508348,0.5,0.16666666666666666
gate_b,main,14,1837,310,0.16875340228633642,0.1967741935483871,0.2,-0.00027218290691344586,0.08166076915740766,0.5,
gate_b,failure,14,271,57,0.21033210332103322,0.17543859649122806,0.2,-0.0025830258302583027,0.0873978053715529,0.5,0.16666666666666666
gate_b,main,15,1755,326,0.18575498575498575,0.21779141104294478,0.2,0.0016524216524216526,0.08902766944004502,0.5,
gate_b,failure,15,419,77,0.18377088305489261,0.12987012987012986,0.2,-0.006443914081145585,0.0736047627389154,0.5,0.16666666666666666
gate_b,main,16,1835,326,0.1776566757493188,0.19325153374233128,0.2,-0.0005994550408719347,0.08322517958953993,0.5,
gate_b,failure,16,389,70,0.17994858611825193,0.18571428571428572,0.2,-0.0012853470437017994,0.08253689678937255,0.5,0.16666666666666666
gate_b,main,17,1918,339,0.1767466110531804,0.19174041297935104,0.19999999999999998,-0.0007299270072992701,0.08277008118841878,0.5,
gate_b,failure,17,390,64,0.1641025641025641,0.203125,0.2,0.0002564102564102564,0.0814924882490751,0.5,0.16666666666666666
gate_b,main,18,1860,348,0.1870967741935484,0.1724137931034483,0.2,-0.002580645161290323,0.08191262063537487,0.5,
gate_b,failure,18,312,56,0.1794871794871795,0.16071428571428573,0.19999999999999998,-0.003525641025641026,0.07824189972000216,0.5,0.16666666666666666
gate_b,main,19,1846,317,0.17172264355362946,0.23659305993690852,0.2,0.0031419284940411704,0.08838260174014755,0.5,
gate_b,failure,19,375,56,0.14933333333333335,0.17857142857142858,0.19999999999999998,-0.0016000000000000003,0.07411702458499891,0.5,0.16666666666666666
gate_b,main,20,1830,261,0.14262295081967213,0.19157088122605365,0.2,-0.0006010928961748634,0.0743275868297527,0.5,
gate_b,failure,20,376,54,0.14361702127659576,0.24074074074074073,0.2,0.0029255319148936173,0.08137776370441693,0.5,0.16666666666666666
gate_b,main,21,1543,246,0.1594296824368114,0.2032520325203252,0.2,0.0002592352559948153,0.08034275246885,0.5,
gate_b,failure,21,418,72,0.1722488038277512,0.20833333333333334,0.2,0.0007177033492822968,0.08429272304235247,0.5,0.16666666666666666
gate_b,main,22,1743,284,0.1629374641422834,0.2007042253521127,0.2,5.7372346528973036e-05,0.08083755482231034,0.5,
gate_b,failure,22,355,56,0.15774647887323945,0.25,0.19999999999999998,0.0039436619718309866,0.08656187236005743,0.5,0.16666666666666666
gate_b,main,23,1779,287,0.1613265879707701,0.1916376306620209,0.2,-0.0006745362563237775,0.07906138527709765,0.5,
gate_b,failure,23,365,65,0.1780821917808219,0.23076923076923078,0.2,0.0027397260273972603,0.08913588210957502,0.5,0.16666666666666666
gate_b,main,24,1675,304,0.18149253731343284,0.1875,0.2,-0.0011343283582089553,0.08318294888421922,0.5,
gate_b,failure,24,445,75,0.16853932584269662,0.14666666666666667,0.2,-0.0044943820224719105,0.07343880736345255,0.5,0.16666666666666666
gate_b,main,25,1896,332,0.1751054852320675,0.21084337349397592,0.2,0.000949367088607595,0.08537581352974026,0.5,
gate_b,failure,25,494,80,0.16194331983805668,0.25,0.2,0.004048582995951417,0.08770580193070293,0.5,0.16666666666666666
gate_b,main,26,1880,339,0.1803191489361702,0.2182890855457227,0.19999999999999998,0.001648936170212766,0.08779206574919307,0.5,
gate_b,failure,26,368,73,0.1983695652173913,0.2191780821917808,0.19999999999999998,0.0019021739130434783,0.09222491411006409,0.5,0.16666666666666666
gate_b,main,27,1941,340,0.17516743946419372,0.19705882352941176,0.2,-0.00025759917568263783,0.08324312479636357,0.5,
gate_b,failure,27,373,68,0.18230563002680966,0.22058823529411764,0.19999999999999998,0.0018766756032171583,0.08862972346813192,0.5,0.16666666666666666
gate_b,main,28,1697,323,0.19033588685916322,0.16408668730650156,0.20000000000000004,-0.0034177961107837366,0.08116709087512876,0.5,
gate_b,failure,28,333,52,0.15615615615615616,0.21153846153846154,0.2,0.000900900900900901,0.08072494358323527,0.5,0.16666666666666666
gate_b,main,29,1749,349,0.19954259576901087,0.2349570200573066,0.19999999999999998,0.003487707261292167,0.0950158724063937,0.5,
gate_b,failure,29,308,53,0.17207792207792208,0.20754716981132076,0.19999999999999998,0.0006493506493506494,0.08413038736343771,0.5,0.16666666666666666
gate_b,main,30,1700,325,0.19117647058823528,0.15076923076923077,0.2,-0.004705882352941176,0.07896387856258746,0.5,
gate_b,failure,30,456,84,0.18421052631578946,0.20238095238095238,0.2,0.0002192982456140351,0.08622186802845198,0.5,0.16666666666666666
gate_b,main,31,1948,349,0.17915811088295688,0.2177650429799427,0.19999999999999998,0.001591375770020534,0.08742846885496987,0.5,
gate_b,failure,31,418,92,0.22009569377990432,0.15217391304347827,0.19999999999999998,-0.005263157894736843,0.08499929636635306,0.5,0.16666666666666666
gate_b,main,32,2047,389,0.19003419638495359,0.20051413881748073,0.20000000000000004,4.885197850512946e-05,0.08726983126458814,0.5,
gate_b,failure,32,445,89,0.2,0.30337078651685395,0.2,0.010337078651685394,0.10536186974188348,0.5,0.16666666666666666
gate_b,main,33,2005,357,0.17805486284289276,0.21568627450980393,0.2,0.0013965087281795512,0.08683977851290028,0.5,
gate_b,failure,33,424,82,0.19339622641509435,0.14634146341463414,0.19999999999999998,-0.0051886792452830195,0.07860817567542748,0.5,0.16666666666666666
gate_b,main,34,1850,370,0.2,0.20540540540540542,0.2,0.0005405405405405405,0.09034468530114079,0.5,
gate_b,failure,34,265,48,0.1811320754716981,0.2708333333333333,0.19999999999999998,0.006415094339622642,0.09575913178780768,0.5,0.16666666666666666
gate_b,main,35,1621,300,0.1850709438618137,0.18666666666666668,0.2,-0.0012338062924120913,0.08386117019663464,0.5,
gate_b,failure,35,380,71,0.1868421052631579,0.23943661971830985,0.19999999999999998,0.00368421052631579,0.09262260722102922,0.5,0.16666666666666666
gate_b,main,36,1718,333,0.19383003492433062,0.1891891891891892,0.20000000000000004,-0.0010477299185098952,0.08624895605988665,0.5,
gate_b,failure,36,254,50,0.1968503937007874,0.22,0.2,0.001968503937007874,0.09200308108500421,0.5,0.10416666666666666
gate_b,main,37,1698,312,0.18374558303886926,0.22115384615384615,0.2,0.0019434628975265019,0.0890666165901272,0.5,
gate_b,failure,37,426,82,0.19248826291079812,0.1951219512195122,0.19999999999999998,-0.0004694835680751174,0.08694070074487202,0.5,0.16666666666666666
gate_b,main,38,1708,320,0.1873536299765808,0.2,0.2,0.0,0.08656873106996102,0.5,
gate_b,failure,38,443,70,0.1580135440180587,0.24285714285714285,0.2,0.003386004514672686,0.08565245539460124,0.5,0.16666666666666666
gate_b,main,39,1875,340,0.18133333333333335,0.20294117647058824,0.2,0.0002666666666666667,0.08563488385776753,0.5,
gate_b,failure,39,412,78,0.18932038834951456,0.21794871794871795,0.19999999999999998,0.0016990291262135924,0.08990286019835332,0.5,0.16666666666666666
gate_b,main,40,1826,349,0.19112814895947425,0.2148997134670487,0.19999999999999998,0.0014238773274917855,0.08984591897591401,0.5,
gate_b,failure,40,391,78,0.19948849104859334,0.1282051282051282,0.19999999999999998,-0.007161125319693096,0.07636230775739956,0.5,0.16666666666666666
gate_b,main,41,1792,324,0.18080357142857142,0.2191358024691358,0.19999999999999998,0.0017299107142857144,0.08804042293985515,0.5,
gate_b,failure,41,319,64,0.2006269592476489,0.21875,0.2,0.0018808777429467087,0.0926787013978399,0.5,0.16666666666666666
gate_b,main,42,1805,319,0.17673130193905817,0.23510971786833856,0.2,0.003102493074792244,0.0894427190999916,0.5,
gate_b,failure,42,424,72,0.16981132075471697,0.18055555555555555,0.2,-0.0016509433962264152,0.07935470881630627,0.5,0.16666666666666666
gate_b,main,43,1936,382,0.19731404958677687,0.20157068062827224,0.2,0.00015495867768595042,0.08910134447233028,0.5,
gate_b,failure,43,460,87,0.1891304347826087,0.16091954022988506,0.19999999999999998,-0.003695652173913044,0.08035248433701622,0.5,0.16666666666666666
gate_b,main,44,1821,348,0.19110378912685339,0.20977011494252873,0.2,0.0009335529928610654,0.089018073799271,0.5,
gate_b,failure,44,413,77,0.1864406779661017,0.12987012987012986,0.2,-0.006537530266343826,0.07413749414932312,0.5,0.16666666666666666
gate_b,main,45,1658,342,0.20627261761158022,0.23684210526315788,0.2,0.003799758745476478,0.09690630695731911,0.5,
gate_b,failure,45,408,72,0.17647058823529413,0.2361111111111111,0.2,0.0031862745098039215,0.08952488973661427,0.5,0.16666666666666666
gate_b,main,46,1538,287,0.18660598179453836,0.13240418118466898,0.2,-0.006306892067620287,0.07464698019006161,0.5,
gate_b,failure,46,275,45,0.16363636363636364,0.17777777777777778,0.2,-0.0018181818181818182,0.07745966692414834,0.5,0.16666666666666666
gate_b,main,47,1769,351,0.19841718485019785,0.20797720797720798,0.2,0.0007914075749010742,0.09041078291043739,0.5,
gate_b,failure,47,351,68,0.19373219373219372,0.14705882352941177,0.19999999999999998,-0.005128205128205128,0.07880879526313171,0.5,0.16666666666666666
gate_b,main,48,1834,335,0.1826608505997819,0.18208955223880596,0.2,-0.0016357688113413304,0.08255727333547831,0.5,
gate_b,failure,48,425,81,0.19058823529411764,0.18518518518518517,0.19999999999999998,-0.0014117647058823533,0.08485281374238571,0.5,0.16666666666666666
gate_b,main,49,1879,335,0.17828632251197446,0.2298507462686567,0.2,0.0026609898882384245,0.08904914298829891,0.5,
gate_b,failure,49,352,68,0.19318181818181818,0.23529411764705882,0.19999999999999998,0.00340909090909091,0.09354143466934854,0.5,0.16666666666666666
gate_b,main,50,1679,289,0.17212626563430614,0.21107266435986158,0.2,0.0009529481834425254,0.08468137386937581,0.5,
gate_b,failure,50,415,74,0.1783132530120482,0.16216216216216217,0.2,-0.003373493975903615,0.07823350898247403,0.5,0.16666666666666666
gate_b,main,51,1869,355,0.18994114499732478,0.2084507042253521,0.2,0.0008025682182985554,0.0885348308033768,0.5,
gate_b,failure,51,328,63,0.19207317073170732,0.20634920634920634,0.19999999999999998,0.0006097560975609756,0.08868964797842298,0.5,0.16666666666666666
gate_b,main,52,1603,289,0.1802869619463506,0.17993079584775087,0.2,-0.0018091079226450408,0.08166239098300093,0.5,
gate_b,failure,52,405,75,0.18518518518518517,0.22666666666666666,0.2,0.0024691358024691358,0.09026709338484401,0.5,0.16666666666666666
gate_b,main,53,1553,276,0.1777205408886027,0.18115942028985507,0.2,-0.0016741790083708952,0.08128079682823515,0.5,
gate_b,failure,53,253,42,0.16600790513833993,0.19047619047619047,0.2,-0.0007905138339920949,0.08001976040538968,0.5,0.16666666666666666
gate_b,main,54,1765,287,0.16260623229461757,0.17770034843205576,0.2,-0.0018130311614730878,0.07720323790711615,0.5,
gate_b,failure,54,355,60,0.16901408450704225,0.21666666666666667,0.2,0.0014084507042253522,0.08475316272298809,0.5,0.16666666666666666
gate_b,main,55,1609,289,0.17961466749533872,0.18339100346020762,0.2,-0.0014916096954630208,0.08207986227555845,0.5,
gate_b,failure,55,361,53,0.14681440443213298,0.20754716981132076,0.19999999999999998,0.000554016620498615,0.07770959505386,0.5,0.16666666666666666
gate_b,main,56,1769,317,0.17919728660260034,0.2334384858044164,0.2,0.002996042962125495,0.08981483370101881,0.5,
gate_b,failure,56,348,62,0.1781609195402299,0.22580645161290322,0.2,0.0022988505747126436,0.08840866447369844,0.5,0.16666666666666666
gate_b,main,57,1686,308,0.1826809015421115,0.2077922077922078,0.2,0.000711743772241993,0.08672231081651975,0.5,
gate_b,failure,57,367,68,0.18528610354223432,0.22058823529411764,0.19999999999999998,0.001907356948228883,0.08935127993575716,0.5,0.16666666666666666
gate_b,main,58,1754,318,0.18129988597491448,0.16981132075471697,0.2,-0.00273660205245154,0.08019360836912827,0.5,
gate_b,failure,58,411,81,0.19708029197080293,0.1111111111111111,0.19999999999999998,-0.008759124087591242,0.07249465119962124,0.5,0.16666666666666666
gate_b,main,59,1699,328,0.19305473808122425,0.2073170731707317,0.20000000000000004,0.0007062978222483815,0.08907344649177715,0.5,
gate_b,failure,59,377,63,0.16710875331564987,0.20634920634920634,0.19999999999999998,0.0005305039787798409,0.08272545754639225,0.5,0.14583333333333331
gate_b,main,60,1466,251,0.17121418826739426,0.16733067729083664,0.2,-0.0027967257844474765,0.07752128607912494,0.5,
gate_b,failure,60,337,65,0.19287833827893175,0.13846153846153847,0.2,-0.005934718100890208,0.07703712157713455,0.5,0.16666666666666666
gate_b,main,61,1578,297,0.188212927756654,0.1717171717171717,0.2,-0.002661596958174905,0.08203680895070023,0.5,
gate_b,failure,61,219,35,0.1598173515981735,0.11428571428571428,0.2,-0.00684931506849315,0.06586273258360145,0.5,0.10416666666666666
gate_b,main,62,1694,308,0.18181818181818182,0.19155844155844157,0.2,-0.0007674144037780402,0.08391962197003668,0.5,
gate_b,failure,62,285,45,0.15789473684210525,0.17777777777777778,0.2,-0.0017543859649122807,0.07608859102526822,0.5,0.125
gate_b,main,63,1699,313,0.1842260153031195,0.1757188498402556,0.2,-0.002236609770453208,0.08184166225699975,0.5,
gate_b,failure,63,318,61,0.1918238993710692,0.2459016393442623,0.19999999999999998,0.004402515723270441,0.09483517644747598,0.5,0.16666666666666666
gate_b,main,64,1700,288,0.16941176470588235,0.1736111111111111,0.2,-0.002235294117647059,0.07814014559073446,0.5,
gate_b,failure,64,298,46,0.15436241610738255,0.2391304347826087,0.19999999999999998,0.0030201342281879194,0.08414592629920761,0.5,0.16666666666666666
gate_b,main,65,1683,273,0.1622103386809269,0.18681318681318682,0.2,-0.0010695187165775401,0.07853380120854851,0.5,
gate_b,failure,65,401,70,0.1745635910224439,0.17142857142857143,0.2,-0.0024937655860349127,0.07895830523185818,0.5,0.16666666666666666
gate_b,main,66,1520,300,0.19736842105263158,0.21666666666666667,0.2,0.001644736842105263,0.09158688713313082,0.5,
gate_b,failure,66,196,35,0.17857142857142858,0.2,0.2,0.0,0.08451542547285167,0.5,0.125
gate_b,main,67,1744,282,0.16169724770642202,0.24113475177304963,0.2,0.003325688073394496,0.08640368238839842,0.5,
gate_b,failure,67,301,47,0.15614617940199335,0.1702127659574468,0.2,-0.0023255813953488376,0.07448605747034195,0.5,0.14583333333333331
gate_b,main,68,1722,316,0.1835075493612079,0.22784810126582278,0.2,0.0025551684088269454,0.09003806138015412,0.5,
gate_b,failure,68,328,55,0.1676829268292683,0.23636363636363636,0.2,0.003048780487804878,0.08730378697119728,0.5,0.14583333333333331
gate_b,main,69,1706,316,0.18522860492379836,0.2088607594936709,0.2,0.0008206330597889802,0.08749476621426353,0.5,
gate_b,failure,69,323,67,0.20743034055727555,0.2537313432835821,0.2,0.005572755417956657,0.09984508123927799,0.5,0.16666666666666666
gate_b,main,70,1544,289,0.1871761658031088,0.15570934256055363,0.2,-0.004145077720207254,0.07901596874089552,0.5,
gate_b,failure,70,335,70,0.208955223880597,0.17142857142857143,0.2,-0.0029850746268656717,0.08638684255813601,0.5,0.16666666666666666
gate_b,main,71,1605,299,0.18629283489096574,0.16722408026755853,0.2,-0.0030529595015576327,0.08084445277921881,0.5,
gate_b,failure,71,336,67,0.19940476190476192,0.1791044776119403,0.2,-0.0020833333333333337,0.08573908371443258,0.5,0.16666666666666666
gate_b,main,72,1502,304,0.20239680426098536,0.17763157894736842,0.2,-0.002263648468708389,0.08612071545120198,0.5,
gate_b,failure,72,233,45,0.19313304721030042,0.2222222222222222,0.2,0.002145922746781116,0.0914827782287265,0.5,0.125
gate_b,main,73,1607,302,0.1879278158058494,0.18543046357615894,0.2,-0.0013690105787181083,0.08429952229175765,0.5,
gate_b,failure,73,122,22,0.18032786885245902,0.2727272727272727,0.2,0.006557377049180328,0.0958140275160817,0.5,0.0625
gate_b,main,74,1507,290,0.192435301924353,0.2,0.2,0.0,0.08773489657470465,0.5,
gate_b,failure,74,106,20,0.18867924528301888,0.3,0.2,0.009433962264150943,0.10186932065428747,0.5,0.041666666666666664
gate_b,main,75,1313,232,0.1766945925361767,0.19827586206896552,0.2,-0.00015232292460015234,0.08379789271853454,0.5,
gate_b,failure,75,189,27,0.14285714285714285,0.2222222222222222,0.2,0.0015873015873015875,0.07867957924694433,0.5,0.08333333333333333
gate_b,main,76,1223,235,0.19215044971381848,0.19148936170212766,0.2,-0.0008176614881439084,0.08625960550634096,0.5,
gate_b,failure,76,80,17,0.2125,0.23529411764705882,0.19999999999999998,0.0037500000000000007,0.09810708435174292,0.5,0.041666666666666664
gate_b,main,77,1573,297,0.1888111888111888,0.20202020202020202,0.2,0.00019071837253655438,0.08723338273968585,0.5,
gate_b,failure,77,337,51,0.1513353115727003,0.11764705882352941,0.2,-0.006231454005934718,0.06468366301569198,0.5,0.16666666666666666
gate_b,main,78,1611,256,0.15890751086281812,0.1640625,0.2,-0.0028553693358162636,0.07415989235272559,0.5,
gate_b,failure,78,403,81,0.20099255583126552,0.30864197530864196,0.19999999999999998,0.010918114143920597,0.10637263029758548,0.5,0.16666666666666666
gate_b,main,79,1743,282,0.16179001721170397,0.22695035460992907,0.2,0.0021801491681009756,0.08441353824416112,0.5,
gate_b,failure,79,199,31,0.15577889447236182,0.16129032258064516,0.2,-0.0030150753768844224,0.0729837870066301,0.5,0.10416666666666666
gate_b,main,80,1497,252,0.1683366733466934,0.15873015873015872,0.2,-0.003473613894455578,0.07544125373779961,0.5,
gate_b,failure,80,195,36,0.18461538461538463,0.16666666666666666,0.2,-0.0030769230769230774,0.08038369524685005,0.5,0.08333333333333333
gate_b,main,81,1567,245,0.15634971282705806,0.19183673469387755,0.2,-0.0006381620931716656,0.07786231363844016,0.5,
gate_b,failure,81,195,42,0.2153846153846154,0.2619047619047619,0.2,0.006666666666666667,0.1030309886169429,0.5,0.08333333333333333
gate_b,main,82,1570,277,0.17643312101910827,0.17689530685920576,0.2,-0.0020382165605095544,0.08028611257628225,0.5,
gate_b,failure,82,346,64,0.18497109826589594,0.1875,0.2,-0.0011560693641618498,0.0839763247670871,0.5,0.14583333333333331
gate_b,main,83,1619,291,0.17974058060531192,0.18556701030927836,0.2,-0.0012970969734403953,0.08246510857435621,0.5,
gate_b,failure,83,160,25,0.15625,0.24,0.2,0.003125,0.08477912478906587,0.5,0.08333333333333333
gate_b,main,84,1431,256,0.17889587700908455,0.1796875,0.2,-0.0018169112508735152,0.08130659078513457,0.5,
gate_b,failure,84,152,29,0.19078947368421054,0.3793103448275862,0.19999999999999998,0.017105263157894738,0.11297414701929306,0.5,0.10416666666666666
gate_b,main,85,1623,274,0.16882316697473815,0.17518248175182483,0.2,-0.002094886013555145,0.07825893479292306,0.5,
gate_b,failure,85,203,32,0.15763546798029557,0.21875,0.2,0.0014778325123152713,0.08215088844867355,0.5,0.125
gate_b,main,86,1561,267,0.17104420243433696,0.18726591760299627,0.2,-0.0010890454836643179,0.08071588723587311,0.5,
gate_b,failure,86,234,44,0.18803418803418803,0.25,0.2,0.0047008547008547015,0.09450726919990828,0.5,0.125
gate_b,main,87,1475,259,0.17559322033898306,0.20077220077220076,0.2,6.779661016949152e-05,0.08392894492730248,0.5,
gate_b,failure,87,96,10,0.10416666666666667,0.2,0.2,0.0,0.06454972243679029,0.5,0.041666666666666664
gate_b,main,88,1370,225,0.16423357664233576,0.22666666666666666,0.2,0.0021897810218978104,0.08500751362240148,0.5,
gate_b,failure,88,225,40,0.17777777777777778,0.275,0.2,0.006666666666666667,0.09545214042184236,0.5,0.10416666666666666
gate_b,main,89,1554,291,0.18725868725868725,0.1958762886597938,0.2,-0.00038610038610038615,0.08587501018641788,0.5,
gate_b,failure,89,76,12,0.15789473684210525,0.16666666666666666,0.19999999999999998,-0.002631578947368421,0.07433919416750283,0.5,0.041666666666666664
gate_b,main,90,1643,282,0.17163724893487523,0.21631205673758866,0.2,0.0013998782714546563,0.0853548676926595,0.5,
gate_b,failure,90,129,25,0.1937984496124031,0.2,0.2,0.0,0.08804509063256238,0.5,0.0625
gate_b,main,91,1590,279,0.17547169811320754,0.18996415770609318,0.2,-0.0008805031446540881,0.08218708524538437,0.5,
gate_b,failure,91,28,3,0.10714285714285714,0.0,0.20000000000000004,-0.010714285714285716,0.03273268353539886,0.5,0.020833333333333332
gate_b,main,92,1438,264,0.1835883171070932,0.24621212121212122,0.2,0.004242002781641168,0.09282313030045948,0.5,
gate_b,failure,92,158,28,0.17721518987341772,0.10714285714285714,0.2,-0.008227848101265823,0.06797244415612082,0.5,0.08333333333333333
gate_b,main,93,1557,280,0.1798330122029544,0.19285714285714287,0.2,-0.0006422607578676942,0.08366984080753273,0.5,
gate_b,failure,93,97,22,0.2268041237113402,0.2727272727272727,0.2,0.008247422680412371,0.10745413790346708,0.5,0.0625
gate_b,main,94,1483,267,0.18004045853000675,0.25842696629213485,0.2,0.005259608900876602,0.093698991517856,0.5,
gate_b,failure,94,92,22,0.2391304347826087,0.2727272727272727,0.2,0.008695652173913044,0.1103354568734741,0.5,0.041666666666666664
gate_b,main,95,1339,219,0.16355489171023152,0.1735159817351598,0.2,-0.002165795369678865,0.07676234140192444,0.5,
gate_b,failure,95,0,0,,,,,,0.5,0.0
gate_b,main,96,1520,275,0.18092105263157895,0.21818181818181817,0.2,0.001644736842105263,0.08792191511730586,0.5,
gate_b,failure,96,191,42,0.2198952879581152,0.30952380952380953,0.2,0.012041884816753928,0.11139289458197407,0.5,0.125
gate_b,main,97,1516,238,0.15699208443271767,0.18487394957983194,0.2,-0.001187335092348285,0.07696416600993103,0.5,
gate_b,failure,97,235,44,0.18723404255319148,0.22727272727272727,0.2,0.0025531914893617024,0.0908587868559567,0.5,0.125
gate_b,main,98,1707,308,0.18043350908025776,0.19480519480519481,0.2,-0.00046865846514352667,0.08412337857972214,0.5,
gate_b,failure,98,113,22,0.19469026548672566,0.36363636363636365,0.19999999999999998,0.01592920353982301,0.11209982908736271,0.5,0.0625
gate_b,main,99,1588,292,0.18387909319899245,0.2328767123287671,0.2,0.0030226700251889172,0.09089535046148607,0.5,
gate_b,failure,99,208,38,0.18269230769230768,0.23684210526315788,0.19999999999999998,0.0033653846153846156,0.09119927462599521,0.5,0.08333333333333333
gate_c,main,0,2011,368,0.18299353555445053,0.3125,0.3418478260869566,-0.002685231228244655,0.09801612426845215,0.5,
gate_c,failure,0,546,83,0.152014652014652,0.2891566265060241,0.3493975903614458,-0.004578754578754579,0.08987170342729173,0.5,0.16666666666666666
gate_c,main,1,2199,354,0.16098226466575716,0.3022598870056497,0.3548022598870057,-0.004229195088676672,0.09169715066317677,0.5,
gate_c,failure,1,352,63,0.17897727272727273,0.42857142857142855,0.3142857142857143,0.010227272727272727,0.11052560377988936,0.5,0.16666666666666666
gate_c,main,2,2171,369,0.16996775679410409,0.3143631436314363,0.36314363143631434,-0.004145555043758638,0.09905123389890426,0.5,
gate_c,failure,2,439,70,0.15945330296127563,0.3142857142857143,0.3171428571428571,-0.00022779043280182266,0.08941724772852253,0.5,0.16666666666666666
gate_c,main,3,1989,315,0.1583710407239819,0.26031746031746034,0.3219047619047619,-0.004876822523881348,0.09121822297719433,0.5,
gate_c,failure,3,434,72,0.16589861751152074,0.2777777777777778,0.35833333333333334,-0.006682027649769586,0.09418581497197699,0.5,0.16666666666666666
gate_c,main,4,2090,375,0.17942583732057416,0.3626666666666667,0.3317333333333333,0.00277511961722488,0.103526341330515,0.5,
gate_c,failure,4,432,67,0.1550925925925926,0.3582089552238806,0.34925373134328364,0.0006944444444444438,0.08566191080616264,0.5,0.16666666666666666
gate_c,main,5,2059,353,0.1714424477901894,0.2719546742209632,0.32521246458923514,-0.004565322972316659,0.09360307006500881,0.5,
gate_c,failure,5,460,90,0.1956521739130435,0.36666666666666664,0.3644444444444444,0.0002173913043478258,0.11296401889636094,0.5,0.16666666666666666
gate_c,main,6,1884,342,0.18152866242038215,0.24853801169590642,0.32046783625730996,-0.006528662420382166,0.0888413266242023,0.5,
gate_c,failure,6,331,55,0.1661631419939577,0.32727272727272727,0.38545454545454544,-0.004833836858006043,0.08759974892706368,0.5,0.16666666666666666
gate_c,main,7,1948,362,0.18583162217659138,0.26519337016574585,0.33093922651933705,-0.006108829568788501,0.09529485206226404,0.5,
gate_c,failure,7,427,66,0.15456674473067916,0.3181818181818182,0.3575757575757576,-0.003044496487119438,0.09194744451420718,0.5,0.16666666666666666
gate_c,main,8,1987,338,0.17010568696527428,0.363905325443787,0.34674556213017754,0.0014594866633115245,0.09796623392491571,0.5,
gate_c,failure,8,484,93,0.1921487603305785,0.22580645161290322,0.31827956989247314,-0.008884297520661156,0.09414688716912718,0.5,0.16666666666666666
gate_c,main,9,1992,344,0.17269076305220885,0.3023255813953488,0.3180232558139535,-0.0013554216867469884,0.0958213280414675,0.5,
gate_c,failure,9,418,78,0.18660287081339713,0.34615384615384615,0.41025641025641024,-0.00598086124401914,0.10317913071137044,0.5,0.16666666666666666
gate_c,main,10,1972,385,0.19523326572008112,0.2857142857142857,0.32831168831168833,-0.004158215010141989,0.09815746756173917,0.5,
gate_c,failure,10,455,71,0.15604395604395604,0.36619718309859156,0.36901408450704226,-0.00021978021978021997,0.09687422456265332,0.5,0.16666666666666666
gate_c,main,11,2001,359,0.1794102948525737,0.3231197771587744,0.35041782729805016,-0.0024487756121939035,0.09523898764485159,0.5,
gate_c,failure,11,396,51,0.12878787878787878,0.43137254901960786,0.3686274509803922,0.00404040404040404,0.08257228238447704,0.5,0.16666666666666666
gate_c,main,12,1893,343,0.18119387216059166,0.26822157434402333,0.3078717201166181,-0.003592181722134179,0.09409394997036116,0.5,
gate_c,failure,12,293,46,0.15699658703071673,0.15217391304347827,0.2782608695652174,-0.009897610921501708,0.07273309005589203,0.5,0.16666666666666666
gate_c,main,13,1860,324,0.17419354838709677,0.29012345679012347,0.31790123456790126,-0.002419354838709678,0.09579884840037854,0.5,
gate_c,failure,13,366,66,0.18032786885245902,0.30303030303030304,0.36363636363636365,-0.00546448087431694,0.11112932455457598,0.5,0.16666666666666666
gate_c,main,14,1744,289,0.16571100917431192,0.34256055363321797,0.3169550173010381,0.0021215596330275226,0.09466866410435268,0.5,
gate_c,failure,14,350,76,0.21714285714285714,0.34210526315789475,0.33421052631578946,0.000857142857142857,0.11526367287968177,0.5,0.16666666666666666
gate_c,main,15,1832,334,0.18231441048034935,0.2125748502994012,0.29161676646706586,-0.00720524017467249,0.09072728943396764,0.5,
gate_c,failure,15,284,49,0.17253521126760563,0.22448979591836735,0.31020408163265306,-0.007394366197183099,0.09288035617599817,0.5,0.16666666666666666
gate_c,main,16,1795,344,0.1916434540389972,0.2877906976744186,0.3308139534883721,-0.004122562674094709,0.0965130210448195,0.5,
gate_c,failure,16,327,60,0.1834862385321101,0.2833333333333333,0.30666666666666664,-0.002140672782874618,0.09401021481358628,0.5,0.16666666666666666
gate_c,main,17,1835,327,0.1782016348773842,0.23547400611620795,0.3180428134556575,-0.007356948228882834,0.09479649794057989,0.5,
gate_c,failure,17,378,80,0.21164021164021163,0.2875,0.385,-0.010317460317460319,0.10898764553061452,0.5,0.16666666666666666
gate_c,main,18,1620,296,0.18271604938271604,0.26013513513513514,0.3290540540540541,-0.006296296296296297,0.09368979548370131,0.5,
gate_c,failure,18,310,62,0.2,0.24193548387096775,0.27741935483870966,-0.0035483870967741938,0.10112272964874368,0.5,0.16666666666666666
gate_c,main,19,1844,292,0.15835140997830802,0.2945205479452055,0.3253424657534247,-0.0024403470715835146,0.09082055440236136,0.5,
gate_c,failure,19,382,62,0.16230366492146597,0.3548387096774194,0.31935483870967746,0.00287958115183246,0.09280390856545957,0.5,0.16666666666666666
gate_c,main,20,1705,323,0.18944281524926687,0.25696594427244585,0.3027863777089783,-0.004340175953079179,0.09398321432458064,0.5,
gate_c,failure,20,247,49,0.19838056680161945,0.2653061224489796,0.2816326530612245,-0.0016194331983805672,0.09176629354822471,0.5,0.16666666666666666
gate_c,main,21,2135,406,0.1901639344262295,0.2857142857142857,0.32364532019704434,-0.0036065573770491808,0.1,0.5,
gate_c,failure,21,477,82,0.1719077568134172,0.3048780487804878,0.32682926829268294,-0.0018867924528301891,0.09349940301830743,0.5,0.16666666666666666
gate_c,main,22,1846,325,0.176056338028169,0.2953846153846154,0.32676923076923076,-0.0027627302275189604,0.0974484890459302,0.5,
gate_c,failure,22,387,59,0.1524547803617571,0.3050847457627119,0.3186440677966102,-0.0010335917312661502,0.08804509063256238,0.5,0.16666666666666666
gate_c,main,23,1747,310,0.17744705208929593,0.2838709677419355,0.3251612903225807,-0.003663423010875788,0.09272322189532195,0.5,
gate_c,failure,23,438,85,0.19406392694063926,0.23529411764705882,0.3341176470588236,-0.009589041095890411,0.09338876370963807,0.5,0.16666666666666666
gate_c,main,24,1984,355,0.17893145161290322,0.24788732394366197,0.3346478873239437,-0.007762096774193549,0.09256645389716933,0.5,
gate_c,failure,24,338,68,0.20118343195266272,0.17647058823529413,0.3088235294117647,-0.013313609467455622,0.09214729654393032,0.5,0.16666666666666666
gate_c,main,25,1915,365,0.1906005221932115,0.29315068493150687,0.31397260273972605,-0.001984334203655353,0.09839442128999067,0.5,
gate_c,failure,25,413,79,0.19128329297820823,0.3037974683544304,0.3063291139240506,-0.000242130750605327,0.09975757540096358,0.5,0.16666666666666666
gate_c,main,26,1806,319,0.17663344407530454,0.3072100313479624,0.31347962382445144,-0.0005537098560354376,0.09770341814926918,0.5,
gate_c,failure,26,337,65,0.19287833827893175,0.3230769230769231,0.2646153846153846,0.005637982195845697,0.09940475661648288,0.5,0.16666666666666666
gate_c,main,27,1915,377,0.1968668407310705,0.2493368700265252,0.30079575596816976,-0.005065274151436032,0.0978889443747832,0.5,
gate_c,failure,27,340,57,0.1676470588235294,0.2631578947368421,0.3087719298245614,-0.0038235294117647065,0.09026105928654624,0.5,0.16666666666666666
gate_c,main,28,1730,313,0.18092485549132947,0.3226837060702875,0.29968051118210864,0.0020809248554913293,0.0972452949959222,0.5,
gate_c,failure,28,346,70,0.2023121387283237,0.2571428571428571,0.3171428571428571,-0.006069364161849711,0.10819058328772764,0.5,0.16666666666666666
gate_c,main,29,1867,344,0.18425281199785754,0.2936046511627907,0.31860465116279074,-0.0023031601499732194,0.09706457576947963,0.5,
gate_c,failure,29,365,75,0.2054794520547945,0.29333333333333333,0.29333333333333333,1.5208534583906254e-19,0.10701427378868929,0.5,0.16666666666666666
gate_c,main,30,1891,334,0.17662612374405076,0.25449101796407186,0.29880239520958085,-0.0039132734003172924,0.08941906639057366,0.5,
gate_c,failure,30,342,56,0.16374269005847952,0.30357142857142855,0.28928571428571426,0.0011695906432748536,0.09208437524218042,0.5,0.16666666666666666
gate_c,main,31,1636,302,0.1845965770171149,0.2814569536423841,0.30529801324503314,-0.0022004889975550126,0.09581716493068726,0.5,
gate_c,failure,31,308,55,0.17857142857142858,0.23636363636363636,0.2545454545454545,-0.0016233766233766237,0.08470728820665124,0.5,0.16666666666666666
gate_c,main,32,1663,316,0.1900180396873121,0.25316455696202533,0.30822784810126586,-0.005231509320505112,0.0955095207338608,0.5,
gate_c,failure,32,308,59,0.19155844155844157,0.423728813559322,0.3220338983050847,0.00974025974025974,0.10475698532329944,0.5,0.16666666666666666
gate_c,main,33,1816,329,0.18116740088105726,0.2917933130699088,0.29908814589665655,-0.0006607929515418505,0.09589596051080958,0.5,
gate_c,failure,33,339,64,0.1887905604719764,0.234375,0.296875,-0.0058997050147492625,0.08690007145497096,0.5,0.16666666666666666
gate_c,main,34,1730,326,0.1884393063583815,0.22085889570552147,0.3006134969325153,-0.007514450867052023,0.09416502547719821,0.5,
gate_c,failure,34,333,53,0.15915915915915915,0.33962264150943394,0.31320754716981136,0.002102102102102102,0.09695049973774968,0.5,0.16666666666666666
gate_c,main,35,1719,335,0.1948807446189645,0.25671641791044775,0.29253731343283584,-0.003490401396160559,0.09725732766015686,0.5,
gate_c,failure,35,385,69,0.17922077922077922,0.2753623188405797,0.2782608695652174,-0.00025974025974025974,0.0957540138523246,0.5,0.16666666666666666
gate_c,main,36,1717,320,0.186371578334304,0.24375,0.30500000000000005,-0.005707629586488061,0.0948284169151324,0.5,
gate_c,failure,36,331,65,0.19637462235649547,0.26153846153846155,0.3323076923076923,-0.006948640483383686,0.09786234860723747,0.5,0.16666666666666666
gate_c,main,37,1776,331,0.18637387387387389,0.27794561933534745,0.2882175226586103,-0.0009572072072072073,0.09832493474593712,0.5,
gate_c,failure,37,151,32,0.2119205298013245,0.1875,0.275,-0.009271523178807948,0.09833043360112591,0.5,0.10416666666666666
gate_c,main,38,1891,356,0.18826017979904813,0.27808988764044945,0.29438202247191014,-0.001533580116340561,0.09677507491225658,0.5,
gate_c,failure,38,279,53,0.18996415770609318,0.2830188679245283,0.33962264150943394,-0.005376344086021506,0.0917765714553576,0.5,0.16666666666666666
gate_c,main,39,1823,321,0.17608337904552934,0.26791277258566976,0.2872274143302181,-0.0017004936917169502,0.09283136965778202,0.5,
gate_c,failure,39,393,74,0.18829516539440203,0.4189189189189189,0.3216216216216216,0.00916030534351145,0.11005434697244725,0.5,0.16666666666666666
gate_c,main,40,1841,337,0.1830526887561108,0.27299703264094954,0.2712166172106825,0.0001629549158066268,0.09657356271084724,0.5,
gate_c,failure,40,252,47,0.1865079365079365,0.23404255319148937,0.2765957446808511,-0.003968253968253968,0.09553525070351848,0.5,0.16666666666666666
gate_c,main,41,1423,275,0.1932536893886156,0.21454545454545454,0.2741818181818182,-0.005762473647224175,0.09304711325242702,0.5,
gate_c,failure,41,254,53,0.20866141732283464,0.3018867924528302,0.23773584905660378,0.0066929133858267716,0.10442945854031623,0.5,0.16666666666666666
gate_c,main,42,1546,310,0.20051746442432083,0.2967741935483871,0.28838709677419355,0.0008408796895213452,0.10112561834490984,0.5,
gate_c,failure,42,317,60,0.1892744479495268,0.2,0.2533333333333333,-0.005047318611987382,0.0949846409633023,0.5,0.16666666666666666
gate_c,main,43,1674,320,0.1911589008363202,0.259375,0.2875,-0.002688172043010753,0.09705951566868602,0.5,
gate_c,failure,43,298,50,0.16778523489932887,0.28,0.28800000000000003,-0.0006711409395973156,0.09195855500673211,0.5,0.125
gate_c,main,44,1758,323,0.18373151308304891,0.2693498452012384,0.2990712074303406,-0.002730375426621161,0.09599488040956361,0.5,
gate_c,failure,44,259,52,0.20077220077220076,0.25,0.3,-0.005019305019305019,0.09922479451004092,0.5,0.16666666666666666
gate_c,main,45,1619,313,0.1933292155651637,0.26517571884984026,0.2741214057507987,-0.0008647313156269303,0.09695805655702691,0.5,
gate_c,failure,45,193,41,0.21243523316062177,0.3170731707317073,0.21951219512195122,0.010362694300518135,0.10916546361187615,0.5,0.125
gate_c,main,46,1576,271,0.17195431472081218,0.23616236162361623,0.2915129151291513,-0.004758883248730965,0.08722309338876127,0.5,
gate_c,failure,46,238,40,0.16806722689075632,0.25,0.255,-0.0004201680672268911,0.09144038789186716,0.5,0.125
gate_c,main,47,1611,265,0.16449410304158907,0.2641509433962264,0.28905660377358494,-0.002048417132216015,0.09116801904770422,0.5,
gate_c,failure,47,252,47,0.1865079365079365,0.2127659574468085,0.2553191489361702,-0.003968253968253968,0.07918232927769472,0.5,0.125
gate_c,main,48,1578,285,0.1806083650190114,0.23508771929824562,0.2673684210526316,-0.0029150823827629913,0.08857411524255418,0.5,
gate_c,failure,48,125,24,0.192,0.20833333333333334,0.2333333333333333,-0.0024000000000000002,0.09077444574328175,0.5,0.0625
gate_c,main,49,1686,282,0.16725978647686832,0.2801418439716312,0.26453900709219863,0.0013048635824436537,0.09157900477866902,0.5,
gate_c,failure,49,153,22,0.1437908496732026,0.13636363636363635,0.21818181818181817,-0.0058823529411764705,0.0700140042014005,0.5,0.08333333333333333
gate_c,main,50,1616,297,0.18378712871287128,0.2222222222222222,0.2686868686868687,-0.00426980198019802,0.08670965549715698,0.5,
gate_c,failure,50,137,24,0.17518248175182483,0.16666666666666666,0.25,-0.0072992700729927005,0.06617825960083584,0.5,0.08333333333333333
gate_c,main,51,1778,316,0.17772778402699663,0.18670886075949367,0.26708860759493674,-0.0071428571428571435,0.08367944621461804,0.5,
gate_c,failure,51,89,11,0.12359550561797752,0.09090909090909091,0.2545454545454546,-0.010112359550561799,0.0678729811709616,0.5,0.0625
gate_c,main,52,1683,306,0.18181818181818182,0.2777777777777778,0.28366013071895424,-0.0005347593582887703,0.09342623336837602,0.5,
gate_c,failure,52,369,68,0.1842818428184282,0.29411764705882354,0.25,0.0040650406504065045,0.10320080670258854,0.5,0.16666666666666666
gate_c,main,53,1791,321,0.17922948073701842,0.27414330218068533,0.26542056074766357,0.000781686208821887,0.09218484574200875,0.5,
gate_c,failure,53,404,63,0.15594059405940594,0.23809523809523808,0.3111111111111111,-0.005693069306930694,0.08913778410110634,0.5,0.16666666666666666
gate_c,main,54,1642,282,0.17174177831912302,0.2375886524822695,0.27872340425531916,-0.003532277710109623,0.08891003267273058,0.5,
gate_c,failure,54,267,49,0.18352059925093633,0.32653061224489793,0.33469387755102037,-0.0007490636704119847,0.11083611412692417,0.5,0.14583333333333331
gate_c,main,55,1555,275,0.17684887459807075,0.29818181818181816,0.2821818181818182,0.001414790996784566,0.09589651442622761,0.5,
gate_c,failure,55,202,30,0.1485148514851485,0.2,0.2533333333333333,-0.0039603960396039604,0.07379393304639241,0.5,0.08333333333333333
gate_c,main,56,1463,237,0.1619958988380041,0.2616033755274262,0.2886075949367089,-0.002187286397812714,0.08796320612768999,0.5,
gate_c,failure,56,268,49,0.1828358208955224,0.2857142857142857,0.28979591836734697,-0.0003731343283582094,0.10092852502726425,0.5,0.16666666666666666
gate_c,main,57,1673,305,0.18230723251643755,0.24918032786885247,0.2754098360655738,-0.002390914524805738,0.09575571629218804,0.5,
gate_c,failure,57,401,71,0.1770573566084788,0.2676056338028169,0.28169014084507044,-0.001246882793017457,0.08919143579655713,0.5,0.16666666666666666
gate_c,main,58,1433,213,0.14863921842288905,0.28169014084507044,0.2779342723004695,0.0002791346824842987,0.0864109527574774,0.5,
gate_c,failure,58,351,57,0.1623931623931624,0.15789473684210525,0.2596491228070176,-0.008262108262108263,0.07376717048657515,0.5,0.16666666666666666
gate_c,main,59,1503,249,0.1656686626746507,0.2289156626506024,0.26024096385542167,-0.002594810379241517,0.08465027266745602,0.5,
gate_c,failure,59,257,32,0.1245136186770428,0.25,0.24375,0.00038910505836575846,0.07084811396867448,0.5,0.16666666666666666
mixed_bonus,main,0,2148,383,0.17830540037243947,0.19321148825065274,0.2,-0.0006052141527001862,0.08337056896223946,0.5,
mixed_bonus,main,1,1905,345,0.18110236220472442,0.22608695652173913,0.2,0.002362204724409449,0.08917822551223932,0.5,
mixed_bonus,main,2,2067,361,0.17464925012094823,0.1994459833795014,0.2,-4.837929366231253e-05,0.08349524667152758,0.5,
mixed_bonus,main,3,1918,343,0.17883211678832117,0.19533527696793002,0.2,-0.00041710114702815437,0.08383408809919984,0.5,
mixed_bonus,main,4,2040,361,0.1769607843137255,0.21606648199445982,0.2,0.0014215686274509805,0.08663083723931285,0.5,
mixed_bonus,main,5,1931,349,0.18073537027446918,0.2349570200573066,0.19999999999999998,0.0031589849818746767,0.09042737586340306,0.5,
mixed_bonus,main,6,2049,365,0.17813567593948268,0.20821917808219179,0.2,0.0007320644216691069,0.0857032459366624,0.5,
mixed_bonus,main,7,2207,398,0.1803352967829633,0.22110552763819097,0.2,0.0019030357951971002,0.08822880827642218,0.5,
mixed_bonus,main,8,1929,338,0.17522032141005703,0.20118343195266272,0.20000000000000004,0.00010368066355624677,0.08390421357398659,0.5,
mixed_bonus,main,9,2206,395,0.17905711695376247,0.19746835443037974,0.2,-0.00022665457842248413,0.08422759823611116,0.5,
mixed_bonus,main,10,2077,355,0.17091959557053443,0.19436619718309858,0.2,-0.00048146364949446316,0.08180675233727983,0.5,
mixed_bonus,main,11,1932,338,0.17494824016563146,0.19230769230769232,0.20000000000000004,-0.0006728778467908903,0.08243825721464515,0.5,
mixed_bonus,main,12,1886,346,0.18345705196182396,0.22254335260115607,0.2,0.0020678685047720046,0.08921122479769326,0.5,
mixed_bonus,main,13,1990,351,0.1763819095477387,0.21652421652421652,0.2,0.0014572864321608042,0.0865590105740459,0.5,
mixed_bonus,main,14,2029,373,0.1838344011828487,0.1903485254691689,0.2,-0.0008871365204534253,0.08418571785747224,0.5,
mixed_bonus,main,15,1933,333,0.17227108122090015,0.18018018018018017,0.20000000000000004,-0.0017071908949818936,0.07986667628204794,0.5,
mixed_bonus,main,16,2052,381,0.18567251461988304,0.1784776902887139,0.2,-0.001998050682261209,0.08262859904486437,0.5,
mixed_bonus,main,17,2043,372,0.18208516886930984,0.17204301075268819,0.2,-0.002545276554087127,0.08074542580571518,0.5,
mixed_bonus,main,18,1742,336,0.1928817451205511,0.14583333333333334,0.2,-0.0052238805970149255,0.07840985668726584,0.5,
mixed_bonus,main,19,1790,271,0.15139664804469274,0.2066420664206642,0.2,0.0005027932960893855,0.07878263711386238,0.5,
mixed_bonus,main,20,1746,328,0.18785796105383734,0.19207317073170732,0.20000000000000004,-0.0007445589919816725,0.0853870642694723,0.5,
mixed_bonus,main,21,1937,360,0.1858544140423335,0.2222222222222222,0.2,0.002065049044914817,0.08974236053931157,0.5,
mixed_bonus,main,22,1638,247,0.15079365079365079,0.21862348178137653,0.2,0.0014041514041514044,0.08033051383497715,0.5,
mixed_bonus,main,23,1930,347,0.17979274611398963,0.17579250720461095,0.2,-0.0021761658031088085,0.08086321848422151,0.5,
mixed_bonus,main,24,1847,321,0.17379534380075798,0.1557632398753894,0.2,-0.00384407146724418,0.0761484885723746,0.5,
mixed_bonus,main,25,1994,354,0.17753259779338015,0.2401129943502825,0.19999999999999998,0.0035606820461384155,0.09038533357562349,0.5,
mixed_bonus,main,26,1819,338,0.1858163826278175,0.1834319526627219,0.20000000000000004,-0.0015393073117097307,0.08349169486601515,0.5,
mixed_bonus,main,27,1659,295,0.17781796262808922,0.2,0.2,0.0,0.08433693440672106,0.5,
mixed_bonus,main,28,1916,343,0.17901878914405012,0.2099125364431487,0.2,0.0008872651356993738,0.08617964438585145,0.5,
mixed_bonus,main,29,1904,346,0.18172268907563024,0.24566473988439305,0.2,0.004149159663865546,0.09226947199472248,0.5,
mixed_bonus,main,30,1641,302,0.18403412553321147,0.25165562913907286,0.2,0.004753199268738574,0.09374073181893788,0.5,
mixed_bonus,main,31,1607,298,0.18543870566272558,0.20469798657718122,0.2,0.00043559427504667085,0.0868805300917474,0.5,
mixed_bonus,main,32,1916,367,0.19154488517745302,0.2016348773841962,0.2,0.00015657620041753656,0.08779959149804391,0.5,
mixed_bonus,main,33,1819,309,0.16987355689939526,0.22006472491909385,0.2,0.0017042330951072017,0.08547638389934364,0.5,
mixed_bonus,main,34,1616,296,0.18316831683168316,0.20270270270270271,0.2,0.00024752475247524753,0.08602900731154522,0.5,
mixed_bonus,main,35,1627,295,0.18131530424093423,0.20677966101694914,0.2,0.0006146281499692685,0.08623804621295726,0.5,
mixed_bonus,main,36,1772,321,0.1811512415349887,0.19314641744548286,0.2,-0.0006207674943566592,0.08402273152601356,0.5,
mixed_bonus,main,37,1724,303,0.175754060324826,0.2145214521452145,0.2,0.0012761020881670534,0.08609874005723403,0.5,
mixed_bonus,main,38,1703,319,0.18731650029359953,0.20689655172413793,0.2,0.0006459189665296536,0.0876723200428897,0.5,
mixed_bonus,main,39,1780,336,0.18876404494382024,0.14583333333333334,0.2,-0.005112359550561798,0.07756838229964752,0.5,
mixed_bonus,main,40,1584,316,0.1994949494949495,0.16772151898734178,0.2,-0.00321969696969697,0.08374896350934076,0.5,
mixed_bonus,main,41,1788,335,0.18736017897091722,0.208955223880597,0.2,0.0008389261744966443,0.08801184585716677,0.5,
mixed_bonus,main,42,1621,313,0.19309068476249228,0.2012779552715655,0.2,0.00012338062924120913,0.08809450368366947,0.5,
mixed_bonus,main,43,1800,344,0.19111111111111112,0.17732558139534885,0.19999999999999998,-0.002166666666666667,0.0836327952686292,0.5,
mixed_bonus,main,44,1568,283,0.18048469387755103,0.21201413427561838,0.2,0.001084183673469388,0.08685990362153793,0.5,
mixed_bonus,main,45,1621,318,0.19617520049352252,0.18553459119496854,0.2,-0.0014188772362739052,0.08614722774911988,0.5,
mixed_bonus,main,46,1690,318,0.1881656804733728,0.20440251572327045,0.2,0.0004142011834319527,0.0874693521981528,0.5,
mixed_bonus,main,47,1649,314,0.19041843541540326,0.1942675159235669,0.2,-0.000545785324439054,0.08633076982909638,0.5,
mixed_bonus,main,48,1673,308,0.18410041841004185,0.24025974025974026,0.2,0.0037059175134488945,0.09206406459871487,0.5,
mixed_bonus,main,49,1490,251,0.16845637583892617,0.2549800796812749,0.2,0.004630872483221477,0.09015274138107776,0.5,
mixed_bonus,main,50,1626,287,0.17650676506765067,0.21951219512195122,0.2,0.0017220172201722018,0.08704525127057586,0.5,
mixed_bonus,main,51,1570,301,0.19171974522292995,0.1760797342192691,0.2,-0.0022929936305732487,0.08355173080041625,0.5,
mixed_bonus,main,52,1584,299,0.18876262626262627,0.19063545150501673,0.2,-0.0008838383838383839,0.0853542824663973,0.5,
mixed_bonus,main,53,1506,258,0.17131474103585656,0.15891472868217055,0.2,-0.00351925630810093,0.07613680285515005,0.5,
mixed_bonus,main,54,1544,304,0.19689119170984457,0.22039473684210525,0.2,0.0020077720207253885,0.09207594297432636,0.5,
mixed_bonus,main,55,1558,276,0.17715019255455713,0.17391304347826086,0.2,-0.0023106546854942235,0.07995505797968018,0.5,
mixed_bonus,main,56,1551,249,0.16054158607350097,0.20883534136546184,0.2,0.0007092198581560284,0.08145200673026325,0.5,
mixed_bonus,main,57,1667,299,0.1793641271745651,0.2408026755852843,0.2,0.003659268146370726,0.0909524355412972,0.5,
mixed_bonus,main,58,1599,286,0.17886178861788618,0.1853146853146853,0.2,-0.0013133208255159475,0.0822221095391055,0.5,
mixed_bonus,main,59,1619,309,0.19085855466337245,0.16181229773462782,0.2,-0.0036442248301420633,0.08087691102837867,0.5,
mixed_bonus,main,60,1497,272,0.18169672678690715,0.20220588235294118,0.2,0.00020040080160320644,0.08560367580867803,0.5,
mixed_bonus,main,61,1606,286,0.1780821917808219,0.19230769230769232,0.2,-0.0006849315068493151,0.0831733624376103,0.5,
mixed_bonus,main,62,1488,258,0.17338709677419356,0.2248062015503876,0.2,0.002150537634408602,0.0870669004920373,0.5,
mixed_bonus,main,63,1422,264,0.18565400843881857,0.22348484848484848,0.2,0.002180028129395218,0.08988975901831815,0.5,
mixed_bonus,main,64,1555,294,0.18906752411575561,0.19387755102040816,0.2,-0.0005787781350482316,0.08595968545845056,0.5,
mixed_bonus,main,65,1611,290,0.18001241464928616,0.18275862068965518,0.2,-0.0015518311607697084,0.08206672430248775,0.5,
mixed_bonus,main,66,1469,262,0.17835262083049694,0.1946564885496183,0.2,-0.00047651463580667124,0.08361309970619363,0.5,
mixed_bonus,main,67,1479,268,0.18120351588911426,0.1791044776119403,0.2,-0.0018931710615280597,0.08173242512678891,0.5,
mixed_bonus,main,68,1411,267,0.18922749822820695,0.21722846441947566,0.2,0.0016300496102055282,0.08976700291415515,0.5,
mixed_bonus,main,69,1568,271,0.17283163265306123,0.15129151291512916,0.2,-0.004209183673469388,0.07516987564231854,0.5,
mixed_bonus,main,70,1598,294,0.18397997496871088,0.21428571428571427,0.2,0.001314142678347935,0.08805363026163554,0.5,
mixed_bonus,main,71,1587,276,0.17391304347826086,0.19202898550724637,0.2,-0.0006931316950220543,0.08214975490300516,0.5,
mixed_bonus,main,72,1534,267,0.17405475880052151,0.23220973782771537,0.2,0.002803129074315515,0.08833532178192094,0.5,
mixed_bonus,main,73,1194,234,0.19597989949748743,0.1623931623931624,0.2,-0.003685092127303183,0.08205893212629899,0.5,
mixed_bonus,main,74,1299,234,0.18013856812933027,0.1794871794871795,0.2,-0.0018475750577367207,0.08155531992367018,0.5,
mixed_bonus,main,75,1567,288,0.1837906828334397,0.1527777777777778,0.2,-0.004339502233567326,0.07778031012581135,0.5,
mixed_bonus,main,76,1371,227,0.16557257476294676,0.2907488986784141,0.20000000000000004,0.007512764405543399,0.09421641211689655,0.5,
mixed_bonus,main,77,1418,277,0.19534555712270804,0.22743682310469315,0.2,0.002679830747531735,0.09283195306125926,0.5,
mixed_bonus,main,78,1688,316,0.1872037914691943,0.1962025316455696,0.2,-0.0003554502369668247,0.08591575284939151,0.5,
mixed_bonus,main,79,1814,315,0.17364939360529216,0.19047619047619047,0.2,-0.0008269018743109151,0.0818407305803071,0.5,
mixed_bonus,main,80,1444,261,0.18074792243767313,0.20689655172413793,0.2,0.0006232686980609418,0.0861214114313346,0.5,
mixed_bonus,main,81,1536,278,0.18098958333333334,0.2517985611510791,0.2,0.0046875,0.09298297335175583,0.5,
mixed_bonus,main,82,1436,252,0.17548746518105848,0.24206349206349206,0.2,0.0036908077994428972,0.0901484384061932,0.5,
mixed_bonus,main,83,1543,300,0.19442644199611148,0.18666666666666668,0.2,-0.0012961762799740765,0.08595466709755926,0.5,
mixed_bonus,main,84,1477,249,0.16858496953283683,0.22088353413654618,0.2,0.0017603249830737983,0.08527306888013128,0.5,
mixed_bonus,main,85,1534,275,0.17926988265971316,0.2109090909090909,0.2,0.0009778357235984355,0.08639528935924724,0.5,
mixed_bonus,main,86,1195,188,0.15732217573221757,0.19680851063829788,0.2,-0.00025104602510460253,0.07885158984926888,0.5,
mixed_bonus,main,87,1156,181,0.15657439446366783,0.17679558011049723,0.2,-0.0018166089965397925,0.07561741254224966,0.5,
mixed_bonus,main,88,1633,285,0.1745254133496632,0.19298245614035087,0.2,-0.000612369871402327,0.08244577352760923,0.5,
mixed_bonus,main,89,1419,259,0.18252290345313602,0.21621621621621623,0.2,0.0014799154334038055,0.0880050610371164,0.5,
mixed_reweight,main,0,2002,374,0.18681318681318682,0.1925133689839572,0.19999999999999998,-0.0006993006993006994,0.08522169478916307,0.5,
mixed_reweight,main,1,2231,354,0.15867324069923802,0.16101694915254236,0.19999999999999998,-0.0030927835051546395,0.07361449977024315,0.5,
mixed_reweight,main,2,2085,339,0.16258992805755396,0.20353982300884957,0.19999999999999998,0.0002877697841726619,0.08117837185823548,0.5,
mixed_reweight,main,3,2066,335,0.1621490803484995,0.2,0.2,0.0,0.08053547798293607,0.5,
mixed_reweight,main,4,2092,376,0.17973231357552583,0.2074468085106383,0.2,0.0006692160611854685,0.08596544283243514,0.5,
mixed_reweight,main,5,2069,348,0.16819719671338812,0.1867816091954023,0.2,-0.00111164813919768,0.07996495123975392,0.5,
mixed_reweight,main,6,1903,330,0.17341040462427745,0.20909090909090908,0.2,0.0007882291119285339,0.08469288587921456,0.5,
mixed_reweight,main,7,2070,351,0.16956521739130434,0.19373219373219372,0.2,-0.0005314009661835749,0.08138297368489986,0.5,
mixed_reweight,main,8,2050,357,0.17414634146341462,0.21008403361344538,0.2,0.0008780487804878049,0.08502510389692522,0.5,
mixed_reweight,main,9,2210,394,0.17828054298642534,0.1802030456852792,0.20000000000000004,-0.0017647058823529412,0.08125152278419853,0.5,
mixed_reweight,main,10,2199,378,0.17189631650750342,0.1931216931216931,0.2,-0.0005911778080945884,0.0818443603302742,0.5,
mixed_reweight,main,11,2111,363,0.17195641875888204,0.20110192837465565,0.2,9.474182851729038e-05,0.08310643355908416,0.5,
mixed_reweight,main,12,1873,329,0.17565403096636412,0.19756838905775076,0.19999999999999998,-0.00021356113187399894,0.08343915686949603,0.5,
mixed_reweight,main,13,1947,334,0.17154596815613765,0.15868263473053892,0.19999999999999998,-0.003543913713405239,0.07614896330367167,0.5,
mixed_reweight,main,14,1982,361,0.18213925327951563,0.19113573407202217,0.2,-0.0008072653884964682,0.08392490997690547,0.5,
mixed_reweight,main,15,1856,340,0.18318965517241378,0.17941176470588235,0.2,-0.0018857758620689656,0.08223048977280789,0.5,
mixed_reweight,main,16,2067,392,0.18964683115626513,0.1683673469387755,0.2,-0.002999516207063377,0.08176807680342979,0.5,
mixed_reweight,main,17,2202,385,0.1748410535876476,0.17662337662337663,0.2,-0.0020435967302452314,0.07987842715297,0.5,
mixed_reweight,main,18,2064,403,0.19525193798449614,0.228287841191067,0.2,0.002761627906976744,0.09294388571322414,0.5,
mixed_reweight,main,19,1984,359,0.18094758064516128,0.2116991643454039,0.19999999999999998,0.001058467741935484,0.08692205444182217,0.5,
mixed_reweight,main,20,1771,333,0.1880293619424054,0.2072072072072072,0.20000000000000004,0.0006775832862789385,0.08788884720816345,0.5,
mixed_reweight,main,21,2037,371,0.18213058419243985,0.1752021563342318,0.2,-0.002258222876779578,0.0812881080150333,0.5,
mixed_reweight,main,22,1765,323,0.1830028328611898,0.21052631578947367,0.20000000000000004,0.000963172804532578,0.08722995561048605,0.5,
mixed_reweight,main,23,2007,367,0.18285999003487793,0.2016348773841962,0.2,0.00014947683109118088,0.08578602829553582,0.5,
mixed_reweight,main,24,1554,299,0.19240669240669242,0.21070234113712374,0.2,0.0010296010296010297,0.0894714926954279,0.5,
mixed_reweight,main,25,1816,342,0.1883259911894273,0.2134502923976608,0.2,0.0012665198237885463,0.08895502006471392,0.5,
mixed_reweight,main,26,1952,379,0.19415983606557377,0.21899736147757257,0.19999999999999998,0.0018442622950819673,0.09121223674018493,0.5,
mixed_reweight,main,27,1907,329,0.17252228631358155,0.2066869300911854,0.19999999999999998,0.0005768222338751967,0.08410670676412091,0.5,
mixed_reweight,main,28,1698,285,0.16784452296819788,0.19298245614035087,0.2,-0.0005889281507656066,0.08085234983287891,0.5,
mixed_reweight,main,29,1763,339,0.19228587634713556,0.18289085545722714,0.19999999999999998,-0.001644923425978446,0.08484078044249646,0.5,
mixed_reweight,main,30,2111,383,0.1814306016106111,0.21148825065274152,0.2,0.0010421601136901943,0.08700501191616207,0.5,
mixed_reweight,main,31,1709,334,0.1954359274429491,0.24850299401197604,0.19999999999999998,0.004739613809245173,0.09612138804913045,0.5,
mixed_reweight,main,32,1870,353,0.18877005347593584,0.22096317280453256,0.2,0.0019786096256684494,0.09024624660747929,0.5,
mixed_reweight,main,33,1714,322,0.18786464410735124,0.2236024844720497,0.2,0.0022170361726954494,0.09044167521725086,0.5,
mixed_reweight,main,34,1615,304,0.18823529411764706,0.20065789473684212,0.2,6.191950464396285e-05,0.08687915524508208,0.5,
mixed_reweight,main,35,1663,305,0.18340348767288034,0.1901639344262295,0.2,-0.0009019843656043296,0.08405679149975875,0.5,
mixed_reweight,main,36,1775,347,0.19549295774647887,0.14697406340057637,0.2,-0.005183098591549296,0.07915041839683709,0.5,
mixed_reweight,main,37,1849,373,0.20173066522444566,0.20911528150134048,0.2,0.0009194159004867497,0.09135125275070864,0.5,
mixed_reweight,main,38,1707,327,0.19156414762741653,0.2018348623853211,0.2,0.00017574692442882253,0.08783672342719365,0.5,
mixed_reweight,main,39,1571,300,0.19096117122851686,0.14666666666666667,0.2,-0.005092297899427116,0.07817133412775133,0.5,
mixed_reweight,main,40,1636,305,0.18643031784841077,0.1901639344262295,0.2,-0.0009168704156479218,0.08474757571306718,0.5,
mixed_reweight,main,41,1797,348,0.19365609348914858,0.21264367816091953,0.2,0.0012242626599888705,0.09007509388039853,0.5,
mixed_reweight,main,42,1780,317,0.17808988764044945,0.1861198738170347,0.2,-0.0012359550561797754,0.0821754768088634,0.5,
mixed_reweight,main,43,1865,322,0.17265415549597854,0.2111801242236025,0.2,0.00096514745308311,0.08482753359472428,0.5,
mixed_reweight,main,44,1744,293,0.1680045871559633,0.18771331058020477,0.2,-0.0010321100917431193,0.08006591321352424,0.5,
mixed_reweight,main,45,1846,325,0.176056338028169,0.2,0.2,0.0,0.08391813582966891,0.5,
mixed_reweight,main,46,1840,330,0.1793478260869565,0.18787878787878787,0.2,-0.0010869565217391304,0.08275159265510558,0.5,
mixed_reweight,main,47,1800,301,0.16722222222222222,0.18272425249169436,0.2,-0.0014444444444444446,0.07909207011803115,0.5,
mixed_reweight,main,48,1715,306,0.1784256559766764,0.19934640522875818,0.2,-5.830903790087464e-05,0.08437732828015351,0.5,
mixed_reweight,main,49,1541,273,0.17715768981181051,0.23076923076923078,0.2,0.0027255029201817002,0.08890420950960046,0.5,
mixed_reweight,main,50,1748,313,0.17906178489702518,0.2012779552715655,0.2,0.00011441647597254005,0.08483393388658085,0.5,
mixed_reweight,main,51,1711,298,0.17416715371127994,0.21140939597315436,0.2,0.0009935710111046174,0.085233546516513,0.5,
mixed_reweight,main,52,1786,348,0.1948488241881299,0.20977011494252873,0.2,0.0009518477043673014,0.0898860794496867,0.5,
mixed_reweight,main,53,1668,295,0.17685851318944845,0.15593220338983052,0.2,-0.0038968824940047962,0.07684579220345444,0.5,
mixed_reweight,main,54,1782,329,0.18462401795735128,0.17325227963525835,0.19999999999999998,-0.002469135802469136,0.08151208485588693,0.5,
mixed_reweight,main,55,1752,320,0.182648401826484,0.203125,0.2,0.00028538812785388126,0.08597413861979385,0.5,
mixed_reweight,main,56,1798,340,0.18909899888765294,0.2529411764705882,0.2,0.005005561735261402,0.09521359396685192,0.5,
mixed_reweight,main,57,1743,321,0.18416523235800344,0.17445482866043613,0.2,-0.0023522662076878947,0.0816145172871455,0.5,
mixed_reweight,main,58,1707,286,0.1675454012888108,0.1853146853146853,0.2,-0.0012302284710017574,0.07957856187599714,0.5,
mixed_reweight,main,59,1497,267,0.17835671342685372,0.15355805243445692,0.2,-0.004141616566466266,0.07675795442255004,0.5,
mixed_reweight,main,60,1811,312,0.17228050800662617,0.21153846153846154,0.2,0.0009939260077305356,0.08479031856635644,0.5,
mixed_reweight,main,61,1614,253,0.1567534076827757,0.22529644268774704,0.2,0.001982651796778191,0.08285488426365996,0.5,
mixed_reweight,main,62,1593,263,0.16509730069052103,0.21673003802281368,0.2,0.0013810420590081608,0.08377472557593543,0.5,
mixed_reweight,main,63,1718,279,0.16239813736903377,0.1827956989247312,0.2,-0.0013969732246798606,0.07795404753672124,0.5,
mixed_reweight,main,64,1518,238,0.15678524374176547,0.18907563025210083,0.2,-0.0008563899868247695,0.07755316082290387,0.5,
mixed_reweight,main,65,1630,259,0.1588957055214724,0.2084942084942085,0.2,0.0006748466257668713,0.08098322177209893,0.5,
mixed_reweight,main,66,1709,289,0.16910473961380926,0.1972318339100346,0.2,-0.00023405500292568755,0.08181670418487086,0.5,
mixed_reweight,main,67,1767,304,0.17204301075268819,0.21052631578947367,0.2,0.0009054895302773062,0.08457758148109179,0.5,
mixed_reweight,main,68,1855,320,0.1725067385444744,0.2125,0.2,0.001078167115902965,0.08499246835190673,0.5,
mixed_reweight,main,69,1451,234,0.16126809097174363,0.20085470085470086,0.2,6.891798759476224e-05,0.08044500627850168,0.5,
mixed_reweight,main,70,1791,313,0.17476270240089337,0.18849840255591055,0.2,-0.0010050251256281408,0.08178631033582144,0.5,
mixed_reweight,main,71,1590,260,0.16352201257861634,0.2,0.2,0.0,0.08087571021725036,0.5,
mixed_reweight,main,72,1653,256,0.15486993345432548,0.25,0.2,0.003871748336358137,0.0857690027870236,0.5,
mixed_reweight,main,73,1823,326,0.17882611080636313,0.24846625766871167,0.2,0.004333516182117389,0.09194073790703305,0.5,
mixed_reweight,main,74,1794,276,0.15384615384615385,0.15579710144927536,0.2,-0.003400222965440357,0.07165039612042663,0.5,
mixed_reweight,main,75,1837,305,0.16603157321720197,0.1901639344262295,0.2,-0.0008165487207403375,0.07997686110660994,0.5,
mixed_reweight,main,76,1702,300,0.1762632197414806,0.17,0.2,-0.0026439482961222094,0.07910337730351696,0.5,
mixed_reweight,main,77,1599,240,0.150093808630394,0.17916666666666667,0.2,-0.0015634771732332708,0.07439562617013032,0.5,
mixed_reweight,main,78,1589,269,0.16928886091881687,0.1970260223048327,0.2,-0.0002517306482064191,0.08182930552247618,0.5,
mixed_reweight,main,79,1672,279,0.16686602870813397,0.22939068100358423,0.2,0.002452153110047847,0.08608302435056353,0.5,
mixed_reweight,main,80,1550,295,0.19032258064516128,0.21016949152542372,0.2,0.000967741935483871,0.08890008890013336,0.5,
mixed_reweight,main,81,1478,232,0.15696887686062247,0.21551724137931033,0.2,0.0012178619756427606,0.08151143273871297,0.5,
mixed_reweight,main,82,1462,250,0.17099863201094392,0.208,0.2,0.0006839945280437756,0.08393535392700081,0.5,
mixed_reweight,main,83,1669,301,0.18034751348112643,0.21262458471760798,0.2,0.0011384062312762135,0.08692193283992207,0.5,
mixed_reweight,main,84,1700,283,0.16647058823529412,0.17667844522968199,0.2,-0.0019411764705882354,0.07795171959767978,0.5,
mixed_reweight,main,85,1492,262,0.17560321715817695,0.1717557251908397,0.2,-0.002479892761394102,0.07924746593998352,0.5,
mixed_reweight,main,86,1620,255,0.1574074074074074,0.23137254901960785,0.2,0.0024691358024691358,0.08388704928078612,0.5,
mixed_reweight,main,87,1580,269,0.17025316455696202,0.23048327137546468,0.2,0.00259493670886076,0.08711261444209277,0.5,
mixed_reweight,main,88,1153,166,0.14397224631396358,0.18072289156626506,0.2,-0.0013876843018213356,0.07309298572374878,0.5,
mixed_reweight,main,89,1701,279,0.164021164021164,0.1863799283154122,0.2,-0.0011169900058788948,0.07890341918499409,0.5,
original,main,0,2155,158,0.07331786542923434,0.21518987341772153,0.2,0.0005568445475638052,0.05567556000112182,0.5,
original,main,1,2083,132,0.06337013922227556,0.24242424242424243,0.2,0.001344215074411906,0.05420396748591928,0.5,
original,main,2,2034,128,0.06293018682399214,0.203125,0.2,9.832841691248771e-05,0.05046489867257668,0.5,
original,main,3,1903,134,0.07041513399894903,0.19402985074626866,0.2,-0.00021019442984760906,0.05247425112380051,0.5,
original,main,4,2078,125,0.060153994225216556,0.12,0.2,-0.002406159769008662,0.041040368398761524,0.5,
original,main,5,2076,137,0.06599229287090559,0.20437956204379562,0.2,0.00014450867052023122,0.05179811112378803,0.5,
original,main,6,2188,182,0.08318098720292505,0.17582417582417584,0.2,-0.0010054844606946984,0.0550054010976067,0.5,
original,main,7,1906,145,0.07607555089192025,0.18620689655172415,0.2,-0.0005246589716684155,0.05371800763409125,0.5,
original,main,8,1840,128,0.06956521739130435,0.171875,0.2,-0.0009782608695652175,0.049891185942835724,0.5,
original,main,9,2039,155,0.0760176557135851,0.15483870967741936,0.2,-0.0017165277096615988,0.05025681959341363,0.5,
original,main,10,1806,111,0.061461794019933555,0.21621621621621623,0.2,0.0004983388704318937,0.051068321119133245,0.5,
original,main,11,1849,138,0.0746349378042185,0.2028985507246377,0.2,0.0001081665765278529,0.05493493865589636,0.5,
original,main,12,1826,131,0.07174151150054764,0.26717557251908397,0.2,0.0024096385542168677,0.05993790141710808,0.5,
original,main,13,1786,152,0.0851063829787234,0.2631578947368421,0.2,0.002687569988801792,0.06488856845230502,0.5,
original,main,14,1976,145,0.07338056680161943,0.22758620689655173,0.2,0.0010121457489878543,0.056911039322447225,0.5,
original,main,15,2028,143,0.07051282051282051,0.1958041958041958,0.2,-0.00014792899408284027,0.052689032277011584,0.5,
original,main,16,1807,154,0.08522412838959602,0.21428571428571427,0.2,0.0006087437742114002,0.05992986123667617,0.5,
original,main,17,1940,149,0.07680412371134021,0.19463087248322147,0.2,-0.0002061855670103093,0.054866285443344126,0.5,
original,main,18,1789,143,0.07993292342090554,0.16083916083916083,0.2,-0.0015651201788708777,0.05222816178246137,0.5,
original,main,19,2053,166,0.08085728202630298,0.21084337349397592,0.2,0.000438382854359474,0.05801556806030569,0.5,
original,main,20,1698,123,0.07243816254416961,0.2601626016260163,0.2,0.0021790341578327445,0.05959225410333635,0.5,
original,main,21,1978,168,0.08493427704752275,0.23214285714285715,0.2,0.0013650151668351872,0.06169988356513703,0.5,
original,main,22,1774,158,0.08906426155580609,0.27848101265822783,0.2,0.003494926719278467,0.06790470144265259,0.5,
original,main,23,1864,145,0.07778969957081545,0.13793103448275862,0.2,-0.0024141630901287556,0.048860403762085225,0.5,
original,main,24,1637,128,0.07819181429444105,0.2109375,0.2,0.00042761148442272453,0.05706098506952417,0.5,
original,main,25,1637,143,0.08735491753207086,0.17482517482517482,0.2,-0.0010995723885155774,0.05625233314919623,0.5,
original,main,26,1774,160,0.09019165727170236,0.23125,0.2,0.0014092446448703494,0.06348574394562294,0.5,
original,main,27,1759,156,0.08868675383740762,0.20512820512820512,0.2,0.0002274019329164298,0.06013061394473895,0.5,
original,main,28,1597,148,0.09267376330619913,0.20945945945945946,0.2,0.0004383218534752662,0.06195520226978962,0.5,
original,main,29,1797,167,0.09293266555370061,0.15568862275449102,0.2,-0.002058987200890373,0.05567414536282451,0.5,
original,main,30,1526,127,0.08322411533420708,0.1732283464566929,0.2,-0.0011140235910878113,0.05472437789543103,0.5,
original,main,31,1490,143,0.0959731543624161,0.22377622377622378,0.2,0.0011409395973154364,0.0646622614334766,0.5,
original,main,32,1440,138,0.09583333333333334,0.17391304347826086,0.2,-0.00125,0.05880759588125784,0.5,
original,main,33,1465,129,0.08805460750853242,0.17829457364341086,0.2,-0.0009556313993174063,0.05688141067647739,0.5,
original,main,34,1416,108,0.07627118644067797,0.24074074074074073,0.2,0.0015536723163841809,0.05930387131159629,0.5,
original,main,35,1498,143,0.09546061415220294,0.23076923076923078,0.2,0.0014686248331108145,0.06526110645722583,0.5,
original,main,36,1504,146,0.09707446808510638,0.1917808219178082,0.2,-0.000398936170212766,0.06134572415694859,0.5,
original,main,37,1637,136,0.08307880268784362,0.25,0.2,0.0020769700671960907,0.06281913026835513,0.5,
original,main,38,1550,146,0.09419354838709677,0.1643835616438356,0.2,-0.0016774193548387097,0.05713594428231898,0.5,
original,main,39,1409,146,0.10361958836053939,0.21232876712328766,0.2,0.00063875088715401,0.06585141456770523,0.5,
original,main,40,1577,129,0.0818008877615726,0.2713178294573643,0.2,0.0029169308814204187,0.06439809605018637,0.5,
original,main,41,1697,142,0.08367707719505009,0.19718309859154928,0.2,-0.00011785503830288745,0.057547602698210965,0.5,
original,main,42,1597,143,0.08954289292423294,0.20279720279720279,0.2,0.00012523481527864746,0.060160503335269,0.5,
original,main,43,1563,137,0.08765195137555983,0.1897810218978102,0.2,-0.0004478566858605247,0.058066522620734196,0.5,
original,main,44,1650,127,0.07696969696969697,0.1889763779527559,0.2,-0.0004242424242424243,0.054327848765758725,0.5,
original,main,45,1454,139,0.09559834938101788,0.12949640287769784,0.2,-0.0033700137551581845,0.053037061086501205,0.5,
original,main,46,1605,160,0.09968847352024922,0.25625,0.2,0.002803738317757009,0.0694885633477702,0.5,
original,main,47,1706,142,0.08323563892145369,0.19718309859154928,0.2,-0.00011723329425556858,0.057395605829901976,0.5,
original,main,48,1530,118,0.07712418300653595,0.2457627118644068,0.2,0.0017647058823529412,0.06011970629475265,0.5,
original,main,49,1634,161,0.09853121175030599,0.20496894409937888,0.2,0.0002447980416156671,0.06336156470997967,0.5,
original,main,50,1476,156,0.10569105691056911,0.17307692307692307,0.2,-0.0014227642276422765,0.06165073404372475,0.5,
original,main,51,1489,128,0.08596373404969779,0.265625,0.2,0.0028206850235057085,0.0654580389947608,0.5,
original,main,52,1375,133,0.09672727272727273,0.20300751879699247,0.2,0.00014545454545454546,0.06255179671861771,0.5,
original,main,53,1584,143,0.09027777777777778,0.15384615384615385,0.2,-0.0020833333333333333,0.054645321035850014,0.5,
original,main,54,1696,149,0.08785377358490566,0.24161073825503357,0.2,0.0018278301886792453,0.06373774391990981,0.5,
original,main,55,1521,126,0.08284023668639054,0.2222222222222222,0.2,0.0009204470742932283,0.05991446895152781,0.5,
original,main,56,1462,135,0.09233926128590972,0.25925925925925924,0.2,0.0027359781121751026,0.0671890161044863,0.5,
original,main,57,1488,142,0.09543010752688172,0.2112676056338028,0.2,0.0005376344086021505,0.06307530914435469,0.5,
original,main,58,1528,133,0.08704188481675393,0.24060150375939848,0.2,0.0017670157068062828,0.06333861464156003,0.5,
original,main,59,1485,125,0.08417508417508418,0.208,0.2,0.0003367003367003367,0.058889841806660244,0.5,
original,main,60,1299,117,0.09006928406466513,0.28205128205128205,0.2,0.0036951501154734415,0.06863902969323385,0.5,
original,main,61,1525,134,0.08786885245901639,0.1791044776119403,0.2,-0.000918032786885246,0.05691523752296113,0.5,
original,main,62,1419,133,0.09372797744890768,0.16541353383458646,0.2,-0.0016208597603946443,0.05712145980135587,0.5,
original,main,63,1513,132,0.08724388631857237,0.21212121212121213,0.2,0.0005287508261731659,0.06040182696404841,0.5,
original,main,64,1422,109,0.07665260196905767,0.22935779816513763,0.2,0.0011251758087201125,0.05834086750622021,0.5,
original,main,65,1388,121,0.08717579250720461,0.15702479338842976,0.2,-0.001873198847262248,0.05408393519437644,0.5,
original,main,66,1702,151,0.08871915393654524,0.25165562913907286,0.2,0.0022914218566392483,0.06508604085711149,0.5,
original,main,67,1627,151,0.09280885064535956,0.2119205298013245,0.2,0.0005531653349723417,0.06227602770172553,0.5,
original,main,68,1518,133,0.08761528326745718,0.18045112781954886,0.2,-0.0008563899868247695,0.0569885456442859,0.5,
original,main,69,1504,115,0.0764627659574468,0.26956521739130435,0.2,0.0026595744680851063,0.0620997824370054,0.5,
original,main,70,1547,133,0.08597285067873303,0.22556390977443608,0.2,0.0010989010989010991,0.06138879667186556,0.5,
original,main,71,1411,132,0.09355067328136074,0.15151515151515152,0.2,-0.0022678951098511696,0.05533225459258894,0.5,
original,main,72,1481,124,0.0837272113436867,0.21774193548387097,0.2,0.0007427413909520595,0.059765465538495446,0.5,
original,main,73,1469,141,0.09598366235534377,0.2198581560283688,0.2,0.0009530292716133425,0.064228150181192,0.5,
original,main,74,1390,125,0.08992805755395683,0.184,0.2,-0.0007194244604316547,0.05814890337769731,0.5,
original,main,75,1563,136,0.08701215611004479,0.25,0.2,0.00217530390275112,0.06428901473212299,0.5,
original,main,76,1693,148,0.0874187832250443,0.24324324324324326,0.2,0.0018901358535144714,0.06374787906319797,0.5,
original,main,77,1439,107,0.07435719249478805,0.17757009345794392,0.2,-0.0008339124391938847,0.052193045207511675,0.5,
original,main,78,1527,161,0.1054354944335298,0.17391304347826086,0.2,-0.00137524557956778,0.061683434595285455,0.5,
original,main,79,1587,146,0.09199747952110901,0.1917808219178082,0.2,-0.00037807183364839327,0.05971999355952613,0.5,
original,main,80,1506,128,0.0849933598937583,0.2421875,0.2,0.0017928286852589642,0.06275016335698276,0.5,
original,main,81,1316,125,0.09498480243161095,0.24,0.2,0.001899696048632219,0.06610068768064448,0.5,
original,main,82,1555,146,0.09389067524115756,0.2534246575342466,0.2,0.0025080385852090034,0.06714192866762918,0.5,
original,main,83,1513,119,0.07865168539325842,0.13445378151260504,0.2,-0.002577660277594184,0.04871108018153655,0.5,
original,main,84,1318,149,0.11305007587253414,0.18120805369127516,0.2,-0.0010622154779969652,0.06483315811760428,0.5,
failure_beta1,main,0,2179,141,0.06470858191831115,0.20567375886524822,0.2,0.00018357044515832953,0.051414146013329304,0.5,
failure_beta1,failure,0,353,18,0.05099150141643059,0.16666666666666666,0.2,-0.00169971671388102,0.0844914800337897,1.0,0.16666666666666666
failure_beta1,main,1,1995,123,0.061654135338345864,0.25203252032520324,0.2,0.0016040100250626567,0.0542896714030637,0.5,
failure_beta1,failure,1,336,26,0.07738095238095238,0.07692307692307693,0.2,-0.009523809523809525,0.08164965809277261,1.0,0.16666666666666666
failure_beta1,main,2,2291,141,0.06154517677869926,0.2198581560283688,0.2,0.000611086861632475,0.05143085775716475,0.5,
failure_beta1,failure,2,414,26,0.06280193236714976,0.15384615384615385,0.2,-0.0028985507246376816,0.09115469677400806,1.0,0.16666666666666666
failure_beta1,main,3,2164,116,0.053604436229205174,0.1810344827586207,0.2,-0.0005083179297597043,0.04462826537341885,0.5,
failure_beta1,failure,3,430,32,0.07441860465116279,0.21875,0.2,0.0013953488372093026,0.11289015035206407,1.0,0.16666666666666666
failure_beta1,main,4,2147,128,0.05961807172799255,0.1796875,0.2,-0.0006054960409874244,0.04693691571485578,0.5,
failure_beta1,failure,4,309,22,0.07119741100323625,0.09090909090909091,0.2,-0.007766990291262137,0.08204505826532467,1.0,0.16666666666666666
failure_beta1,main,5,2181,153,0.07015130674002751,0.20261437908496732,0.2,9.170105456212748e-05,0.05323121815222473,0.5,
failure_beta1,failure,5,388,24,0.061855670103092786,0.20833333333333334,0.19999999999999998,0.0005154639175257732,0.10102566786223346,1.0,0.16666666666666666
failure_beta1,main,6,2022,166,0.0820969337289812,0.22289156626506024,0.2,0.0009396636993076162,0.059714122776371205,0.5,
failure_beta1,failure,6,462,19,0.04112554112554113,0.10526315789473684,0.2,-0.003896103896103896,0.06513389472789297,1.0,0.16666666666666666
failure_beta1,main,7,2216,165,0.07445848375451264,0.20606060606060606,0.2,0.0002256317689530686,0.05519084055227304,0.5,
failure_beta1,failure,7,306,18,0.058823529411764705,0.16666666666666666,0.2,-0.0019607843137254906,0.09074852129730303,1.0,0.16666666666666666
failure_beta1,main,8,2049,162,0.07906295754026355,0.19753086419753085,0.19999999999999998,-9.760858955588093e-05,0.055975313529660356,0.5,
failure_beta1,failure,8,371,19,0.05121293800539083,0.10526315789473684,0.2,-0.004851752021563342,0.07268437843116311,1.0,0.16666666666666666
failure_beta1,main,9,2041,151,0.07398334149926507,0.2185430463576159,0.2,0.0006859382655561,0.056259356018687534,0.5,
failure_beta1,failure,9,298,29,0.09731543624161074,0.1724137931034483,0.19999999999999998,-0.002684563758389262,0.11815130783712961,1.0,0.16666666666666666
failure_beta1,main,10,2045,150,0.07334963325183375,0.24,0.2,0.001466992665036675,0.05808685849298749,0.5,
failure_beta1,failure,10,439,27,0.06150341685649203,0.2222222222222222,0.2,0.0013667425968109342,0.10325014409251584,1.0,0.16666666666666666
failure_beta1,main,11,1956,142,0.07259713701431493,0.14788732394366197,0.2,-0.0018916155419222904,0.048336330208197546,0.5,
failure_beta1,failure,11,410,26,0.06341463414634146,0.07692307692307693,0.2,-0.007804878048780489,0.07391491482878365,1.0,0.16666666666666666
failure_beta1,main,12,2073,169,0.08152436082971538,0.23076923076923078,0.20000000000000004,0.0012542209358417753,0.060309540820181584,0.5,
failure_beta1,failure,12,287,23,0.08013937282229965,0.08695652173913043,0.2,-0.009059233449477353,0.08594625984812565,1.0,0.16666666666666666
failure_beta1,main,13,2104,144,0.06844106463878327,0.2152777777777778,0.2,0.0005228136882129278,0.05380043393891177,0.5,
failure_beta1,failure,13,290,26,0.0896551724137931,0.2692307692307692,0.2,0.006206896551724138,0.134420852241166,1.0,0.16666666666666666
failure_beta1,main,14,1870,166,0.08877005347593583,0.2289156626506024,0.2,0.0012834224598930483,0.06273618475015315,0.5,
failure_beta1,failure,14,470,35,0.07446808510638298,0.17142857142857143,0.2,-0.002127659574468085,0.10314212462587935,1.0,0.16666666666666666
failure_beta1,main,15,2047,168,0.08207132388861749,0.20238095238095238,0.2,9.770395701025892e-05,0.05755140434991815,0.5,
failure_beta1,failure,15,389,30,0.07712082262210797,0.2,0.2,0.0,0.11108254417115804,1.0,0.16666666666666666
failure_beta1,main,16,1978,171,0.08645096056622852,0.19298245614035087,0.2,-0.0003033367037411527,0.05802617867417081,0.5,
failure_beta1,failure,16,456,38,0.08333333333333333,0.21052631578947367,0.19999999999999998,0.0008771929824561404,0.11772701101619382,1.0,0.16666666666666666
failure_beta1,main,17,1880,140,0.07446808510638298,0.22142857142857142,0.2,0.0007978723404255319,0.05672816854423365,0.5,
failure_beta1,failure,17,404,30,0.07425742574257425,0.13333333333333333,0.2,-0.0049504950495049506,0.0943975163291329,1.0,0.16666666666666666
failure_beta1,main,18,1907,183,0.09596224436287362,0.22404371584699453,0.2,0.0011536444677503934,0.06468835378056906,0.5,
failure_beta1,failure,18,283,27,0.09540636042402827,0.2962962962962963,0.19999999999999998,0.009187279151943463,0.14414362684146184,1.0,0.16666666666666666
failure_beta1,main,19,1917,123,0.06416275430359937,0.22764227642276422,0.2,0.0008868022952529996,0.0532217141843428,0.5,
failure_beta1,failure,19,413,35,0.0847457627118644,0.2571428571428571,0.2,0.004842615012106538,0.12831559157468836,1.0,0.16666666666666666
failure_beta1,main,20,1844,170,0.09219088937093275,0.17647058823529413,0.2,-0.0010845986984815619,0.05798496326887551,0.5,
failure_beta1,failure,20,378,31,0.082010582010582,0.1935483870967742,0.2,-0.0005291005291005291,0.11315578997220074,1.0,0.16666666666666666
failure_coverage,main,0,2202,146,0.06630336058128973,0.19863013698630136,0.2,-4.541326067211626e-05,0.051366433057493444,0.5,
failure_coverage,failure,0,325,48,0.1476923076923077,0.16666666666666666,0.19999999999999998,-0.0024615384615384616,0.07189736274183338,0.5,0.16666666666666666
failure_coverage,main,1,2099,136,0.06479275845640782,0.19117647058823528,0.2,-0.0002858504049547404,0.050059516745269234,0.5,
failure_coverage,failure,1,341,40,0.11730205278592376,0.3,0.2,0.005865102639296188,0.0803219328902499,0.5,0.16666666666666666
failure_coverage,main,2,2243,151,0.06732055283102988,0.17880794701986755,0.2,-0.0007133303611234953,0.049787779674375386,0.5,
failure_coverage,failure,2,375,42,0.112,0.19047619047619047,0.2,-0.0005333333333333334,0.06572670690061994,0.5,0.16666666666666666
failure_coverage,main,3,2067,135,0.06531204644412192,0.1925925925925926,0.2,-0.00024189646831156264,0.05039754872284374,0.5,
failure_coverage,failure,3,346,54,0.15606936416184972,0.2777777777777778,0.19999999999999998,0.006069364161849711,0.08979745995866978,0.5,0.16666666666666666
failure_coverage,main,4,2104,146,0.06939163498098859,0.18493150684931506,0.2,-0.0005228136882129278,0.05117442029740704,0.5,
failure_coverage,failure,4,297,49,0.16498316498316498,0.24489795918367346,0.2,0.003703703703703704,0.08780909810741545,0.5,0.16666666666666666
failure_coverage,main,5,1894,108,0.057022175290390706,0.19444444444444445,0.2,-0.00015839493136219642,0.047258528671626776,0.5,
failure_coverage,failure,5,307,37,0.12052117263843648,0.21621621621621623,0.2,0.000977198697068404,0.07151228226436337,0.5,0.16666666666666666
failure_coverage,main,6,2134,173,0.08106841611996252,0.1791907514450867,0.2,-0.0008434864104967198,0.054678064355365444,0.5,
failure_coverage,failure,6,380,55,0.14473684210526316,0.2,0.2,0.0,0.07608859102526823,0.5,0.16666666666666666
failure_coverage,main,7,2091,151,0.07221425155428025,0.23841059602649006,0.2,0.0013868962219033957,0.05748598897768246,0.5,
failure_coverage,failure,7,318,52,0.16352201257861634,0.1346153846153846,0.2,-0.005345911949685535,0.07026454951281616,0.5,0.16666666666666666
failure_coverage,main,8,2014,147,0.07298907646474677,0.1836734693877551,0.2,-0.000595829195630586,0.052352786935374276,0.5,
failure_coverage,failure,8,369,38,0.10298102981029811,0.18421052631578946,0.19999999999999998,-0.0008130081300813009,0.06225221886316611,0.5,0.16666666666666666
failure_coverage,main,9,2079,152,0.07311207311207311,0.23684210526315788,0.2,0.0013468013468013469,0.05769335601716483,0.5,
failure_coverage,failure,9,494,50,0.10121457489878542,0.28,0.2,0.004048582995951417,0.07254762501100118,0.5,0.16666666666666666
failure_coverage,main,10,2014,144,0.07149950347567031,0.2013888888888889,0.2,4.965243296921549e-05,0.05361786893301129,0.5,
failure_coverage,failure,10,398,54,0.135678391959799,0.1111111111111111,0.2,-0.006030150753768845,0.06015056485405027,0.5,0.16666666666666666
failure_coverage,main,11,2024,151,0.07460474308300395,0.16556291390728478,0.2,-0.001284584980237154,0.05097856637106434,0.5,
failure_coverage,failure,11,370,57,0.15405405405405406,0.22807017543859648,0.2,0.002162162162162162,0.08252763664864524,0.5,0.16666666666666666
failure_coverage,main,12,2059,150,0.07285089849441477,0.16666666666666666,0.2,-0.0012141816415735794,0.050495360651296645,0.5,
failure_coverage,failure,12,342,55,0.1608187134502924,0.2545454545454545,0.2,0.0043859649122807015,0.08802578038106738,0.5,0.16666666666666666
failure_coverage,main,13,1833,150,0.08183306055646482,0.14,0.2,-0.0024549918166939444,0.050366902597344713,0.5,
failure_coverage,failure,13,305,67,0.21967213114754097,0.1791044776119403,0.2,-0.002295081967213115,0.08999089207101854,0.5,0.16666666666666666
failure_coverage,main,14,2081,153,0.0735223450264296,0.2222222222222222,0.2,0.0008169149447381067,0.05644438222249064,0.5,
failure_coverage,failure,14,350,44,0.12571428571428572,0.20454545454545456,0.2,0.00028571428571428574,0.07151423434733616,0.5,0.16666666666666666
failure_coverage,main,15,1914,153,0.07993730407523511,0.1895424836601307,0.2,-0.0004179728317659352,0.05542653077254271,0.5,
failure_coverage,failure,15,424,51,0.12028301886792453,0.17647058823529413,0.19999999999999998,-0.0014150943396226416,0.06623286535270982,0.5,0.16666666666666666
failure_coverage,main,16,1904,152,0.07983193277310924,0.2236842105263158,0.2,0.0009453781512605042,0.058965165617528126,0.5,
failure_coverage,failure,16,461,75,0.16268980477223427,0.2,0.2,0.0,0.08066964851100673,0.5,0.16666666666666666
failure_coverage,main,17,2082,164,0.0787704130643612,0.17073170731707318,0.20000000000000004,-0.0011527377521613836,0.05296220536312695,0.5,
failure_coverage,failure,17,435,74,0.17011494252873563,0.20270270270270271,0.2,0.00022988505747126439,0.08290695518706984,0.5,0.16666666666666666
failure_coverage,main,18,1910,165,0.08638743455497382,0.21818181818181817,0.2,0.0007853403141361257,0.06075441939842559,0.5,
failure_coverage,failure,18,422,78,0.1848341232227488,0.2564102564102564,0.19999999999999998,0.005213270142180095,0.09464325634488695,0.5,0.16666666666666666
failure_coverage,main,19,1905,126,0.06614173228346457,0.23015873015873015,0.2,0.0009973753280839897,0.054266765978486134,0.5,
failure_coverage,failure,19,275,39,0.14181818181818182,0.15384615384615385,0.19999999999999998,-0.0032727272727272726,0.06849021164304496,0.5,0.16666666666666666
failure_coverage,main,20,1683,135,0.08021390374331551,0.17777777777777778,0.2,-0.00089126559714795,0.05423261445466405,0.5,
failure_coverage,failure,20,371,51,0.13746630727762804,0.19607843137254902,0.19999999999999998,-0.00026954177897574127,0.07360563672309614,0.5,0.16666666666666666
failure_coverage,main,21,1873,151,0.0806193272824346,0.2119205298013245,0.2,0.0004805125467164976,0.05804245735073881,0.5,
failure_coverage,failure,21,388,56,0.14432989690721648,0.19642857142857142,0.19999999999999998,-0.0002577319587628866,0.07547102946601295,0.5,0.16666666666666666
failure_coverage,main,22,2086,168,0.08053691275167785,0.15476190476190477,0.2,-0.001821668264621285,0.05172017044326835,0.5,
failure_coverage,failure,22,363,51,0.14049586776859505,0.09803921568627451,0.2,-0.0071625344352617085,0.05891582453098056,0.5,0.16666666666666666
failure_coverage,main,23,1597,127,0.07952410770194114,0.2283464566929134,0.2,0.0011271133375078271,0.05932198841348792,0.5,
failure_coverage,failure,23,395,49,0.1240506329113924,0.10204081632653061,0.2,-0.006075949367088608,0.05602892562176357,0.5,0.16666666666666666
failure_coverage,main,24,1430,119,0.08321678321678322,0.19327731092436976,0.2,-0.0002797202797202797,0.05696275313531857,0.5,
failure_coverage,failure,24,371,58,0.15633423180592992,0.08620689655172414,0.19999999999999998,-0.008894878706199462,0.05987408170800918,0.5,0.14583333333333331
failure_coverage,main,25,1346,124,0.09212481426448738,0.1935483870967742,0.2,-0.0002971768202080238,0.05996531934807892,0.5,
failure_coverage,failure,25,392,54,0.1377551020408163,0.2222222222222222,0.2,0.0015306122448979593,0.07726181304565692,0.5,0.14583333333333331
failure_coverage,main,26,1823,134,0.07350521119034559,0.1865671641791045,0.2,-0.0004936917169500823,0.05284033433399905,0.5,
failure_coverage,failure,26,336,58,0.17261904761904762,0.15517241379310345,0.19999999999999998,-0.003869047619047619,0.07578949543998574,0.5,0.16666666666666666
